"Name","Scan 00816"
"Id","1da7867e-a570-11f1-ac89-f791b116698a"
"Version","1"
"Firstwavenumber","400"
"LastWavenumber","2300"
"Range","400 - 2300 cm-1"
"Wavelength","785"
"UserName","Default"
"CreatedDate","2026-08-31 15:14:17-04:00"
"ModifiedDate","2026-08-31 15:14:17-04:00"
"ScanNumber","00816"
"HazardLevel","Unknown"
"HazardColor","#d8d8d8"
"SampleHazardType",""
"Comment",""
"ProductId",""
"LotId",""
"BatchId",""
"Container",""
"Supplier",""
"OpName","10S"
"OpVersion","1"
"SmartAcquire","Off"
"IntTime","10.00"
"AutoInt","Off"
"Averages","3"
"LaserPower","5"
"Bdm","Off"
"SmartTipName","Intelligent UA, Bag (Position 2)"
"SmartTipSerialNumber","6075060600901977"
"LibraryMatchResult",""
"MixtureMatchResultCount",""
"SERSResult",""
"VerificationMatchResult",""
"VerificationMatchResultColor","#00ffffff"
"RescanResult",""
"RescanScanNumber",""
"RescanFinished",""
"RescanTotalFailed",""
"ContainerNumber",""
"SerialNumber","192601100702034"
"LastCalibrationDate","2025-12-01 12:10:59-05:00"
"LastSST","Pass, 2025-09-30 09:35:39-04:00"
"DeviceName","MIRA XTR DS 192601100702034"
"FoxCreek","8.0.121"
"NorthFork","1.3.0.107"
"WagonHound","8.2.51"
"Kernel","8.19"
"PackageVersion","8.0.3.60"
"SignatureLevel","Unsigned"
"Intensities","57233.81,57189.35,57200.82,57243.86,57290.92,57316.15,57301.09,57229.47,57087.77,56902.38,56730.37,56629.03,56620.27,56657.59,56687,56667.24,56624.38,56606.63,56658.39,56760.86,56841.68,56827.43,56693.21,56515.72,56384.08,56367.3,56421.73,56464.22,56416.32,56280.5,56130.44,56041.61,56042.02,56058.81,56006.43,55823.33,55581.82,55400.82,55391.69,55540.43,55725.56,55823.13,55769.96,55625.92,55465.51,55350.57,55278.06,55223.84,55164.93,55094.98,55020.7,54949.08,54883.66,54821.66,54759.67,54693.44,54614.94,54515.09,54387,54250.84,54145.12,54107.72,54132.83,54147.7,54074.29,53866.61,53594.54,53354.14,53230.99,53216.04,53248.4,53267.79,53243.99,53183.3,53094.14,52985.48,52867.78,52751.66,52647.27,52561.66,52500.59,52469.22,52462.26,52464.79,52461.58,52431.25,52340.15,52153.33,51857.3,51537.18,51306.12,51264.66,51371.98,51496.17,51506.57,51367.54,51172.64,51024.2,50986.06,51008.32,51020.27,50962.17,50848.23,50723.9,50632.77,50585.27,50562.36,50544.06,50515.67,50472.09,50409.29,50323.99,50215.93,50085.62,49934.41,49771.95,49612.36,49469.56,49353.25,49268.43,49219.8,49202.39,49189.54,49151.71,49066.93,48949.53,48824.91,48716.52,48627.71,48549.14,48471.3,48385.34,48283.21,48156.97,48010.33,47875.96,47790.8,47778.07,47789.89,47755.27,47611.36,47388.64,47178.84,47072.21,47084.53,47138.04,47149.47,47071.39,46943.69,46819.13,46739.75,46694.3,46654.93,46596.22,46518.39,46437.41,46369.01,46316.59,46269.47,46216.2,46148.73,46066.29,45969.05,45858.49,45741.63,45626.96,45522.15,45428.01,45341.76,45260.79,45186.13,45122.32,45073.93,45037.45,44995.38,44928.95,44829.04,44718.18,44625.29,44572.34,44537.97,44483.86,44375.3,44225.18,44080.44,43987.55,43956.33,43950.27,43930.14,43870.15,43774.78,43652.65,43512.88,43367.21,43227.95,43107.09,43014.46,42958.86,42947.4,42959.88,42953.04,42883.9,42746.18,42586.44,42455.11,42380.65,42336.62,42288.18,42209.73,42117.07,42037.77,41994.94,41975.38,41947.69,41882.29,41781.76,41676,41595.14,41548.19,41514.38,41470.8,41404.95,41328.89,41258.22,41200.38,41129.13,41009.58,40817.32,40604.01,40455.16,40448.5,40555.24,40668.15,40681.19,40568.88,40401.34,40253.7,40168.13,40123.68,40092.35,40051.79,39997.55,39928.72,39845.38,39752.89,39658.35,39569.02,39493.43,39440.83,39419.48,39420.12,39418.33,39389.68,39324.34,39232.27,39124.73,39014.32,38916.46,38846.85,38810.49,38775.94,38704.15,38567.81,38404.01,38271.99,38223.56,38243.86,38281.91,38288.38,38242.87,38148.9,38011.17,37849.47,37702.44,37609.47,37585.44,37599.31,37615.17,37604.01,37556.3,37466.09,37333.11,37182.86,37047.92,36955.98,36900.94,36862.17,36819.72,36760.99,36678.11,36564.51,36438.34,36340.75,36312.59,36352.1,36400,36393.51,36301.47,36154.54,35990.44,35841.75,35726.55,35660.23,35648.77,35657.6,35641.42,35563.25,35438.84,35304.83,35195.98,35129.77,35113.82,35153.25,35215.71,35238.91,35162.29,34990.32,34799.83,34670.23,34629.06,34623.8,34595.52,34514.54,34414.06,34335.32,34303.21,34293.32,34271.97,34213,34121.85,34012.45,33899.48,33802.45,33742.57,33735.87,33752.38,33738.3,33644.99,33491.16,33342.88,33263.85,33255.61,33261.46,33223.85,33127.82,33011.18,32914.58,32860.2,32839.91,32842.87,32855.66,32859.27,32834.11,32768.02,32670.44,32554.73,32436.29,32338.83,32288.08,32299.02,32331.04,32325.52,32234.96,32089.06,31950.57,31875.71,31859.5,31862.9,31848.61,31804.8,31737.8,31654.56,31568.3,31497.77,31461.02,31452.73,31441.18,31393.94,31304.5,31202.94,31121.76,31074.09,31039,30992.19,30920.48,30835.02,30750.19,30677.25,30618.95,30576.56,30546.55,30508.77,30439.48,30326.55,30208.1,30135.79,30146.86,30200.84,30231.01,30182.28,30076.74,29968.6,29905.13,29875.61,29839.98,29762.17,29649.54,29535.81,29453.19,29409.81,29396.4,29402.79,29409.54,29389.26,29315.88,29197.02,29074.25,28989.46,28953.13,28938.77,28918.2,28877.76,28823.67,28763.53,28703.56,28647.74,28599.79,28559.21,28517.68,28466.13,28399.67,28322.39,28239.54,28158.39,28091.34,28051.48,28042.06,28038.46,28011.27,27943.37,27857.56,27784.61,27745.21,27722.87,27692.5,27635.41,27559.58,27480.03,27410.36,27357.56,27326.65,27318.62,27312.79,27281.26,27203.48,27102.83,27019.12,26985.09,26986.34,26988.92,26963.46,26914.41,26861.7,26822.45,26790.39,26747.56,26678.72,26594.17,26518.04,26471.65,26446.82,26418.17,26363.18,26293.48,26242.12,26238.43,26262.91,26263.21,26191.52,26066.18,25952.87,25913.41,25942.03,25981.86,25978.29,25929.05,25873.62,25849.86,25851.48,25835.34,25760.31,25639.39,25532.6,25498.16,25532.43,25575.98,25570.12,25508.01,25431.1,25380.97,25365.38,25359.64,25338.58,25293.61,25232.36,25163.36,25100.05,25060.83,25062.87,25091.31,25098.81,25038.61,24909.57,24757.26,24628.27,24545.9,24509.52,24516.75,24549.14,24571.72,24550.21,24483.38,24403.89,24344.74,24313.17,24290.14,24256.17,24206.89,24153.2,24106.24,24068.73,24035.07,23999.35,23955.74,23898.54,23822.89,23741.06,23681.48,23671.34,23702.36,23733.84,23725.98,23675.3,23610.46,23559.6,23525.07,23487.25,23427.25,23348.25,23271.41,23217.36,23191.78,23188.8,23201.88,23219.28,23225.45,23205.6,23155.14,23076.56,22973.94,22868.41,22792.27,22773.86,22797.96,22822.74,22810.64,22768.93,22730.4,22723.47,22735.16,22730.73,22681.26,22606.4,22549.35,22545.19,22568.9,22568.72,22502.98,22396.61,22301.56,22259.82,22254.41,22246.69,22206.94,22152.42,22115.91,22120.52,22143.59,22148.95,22111.62,22053.49,22008.79,22000.26,22008.14,22002.81,21963.3,21896.85,21816.5,21734.67,21662.1,21609.18,21581.44,21572.19,21572.86,21574.79,21569.17,21547.2,21502.74,21441.92,21374.41,21310.36,21262,21242.07,21254.83,21275.08,21271.36,21226.83,21167.95,21129.06,21128.23,21142.14,21141.11,21110.72,21069.54,21040.34,21033.25,21035.21,21030.78,21010.84,20976.08,20928.14,20872,20817.02,20772.62,20741.73,20720.04,20703.12,20692.05,20693.04,20711.17,20732.27,20727.3,20671.24,20588.05,20532.88,20553.25,20626.76,20694.8,20707.22,20672.68,20624.29,20590.3,20573.27,20567.24,20566.57,20566.8,20563.77,20554.37,20538.79,20517.88,20490.35,20449.78,20389.04,20314.14,20256.29,20248.85,20290.49,20328.04,20306.07,20226.98,20160.42,20175.9,20270.69,20376.96,20429.46,20424.06,20399.03,20390.1,20403.88,20431.64,20466.86,20517.72,20598.19,20711.92,20815.45,20851.86,20790.62,20687.88,20617.42,20620.89,20663.76,20700.64,20702.64,20669.37,20603.48,20515.6,20426.46,20356.69,20311.46,20281.62,20257.61,20231.1,20194.58,20141.46,20072.26,19990.94,19904.29,19834.4,19808.48,19841.2,19901.76,19949.09,19954.63,19920.81,19854.9,19775.69,19721.62,19731.7,19801.67,19875.9,19898.38,19856.55,19773.78,19674.64,19585.05,19531.72,19533.54,19561.42,19568,19519.63,19436.78,19353.23,19288.7,19227.02,19146.64,19046.03,18957.25,18914.53,18922.81,18954.29,18980.1,18980.48,18942.49,18858.63,18764.3,18715.75,18751.22,18819.85,18843.52,18777.54,18678.15,18620.09,18636.11,18679.58,18696.24,18669.45,18627.99,18601.28,18587.35,18559.98,18497.22,18416.63,18355,18339.51,18351.55,18359.07,18341.87,18312.63,18289.52,18280.59,18276.77,18267.7,18250.74,18231.28,18214.63,18201.35,18188.9,18175.03,18159.56,18143.1,18126.61,18112.23,18102.37,18096.66,18089.22,18073.64,18047.48,18013.04,17973.33,17936.59,17914.8,17917.2,17933.67,17946.12,17939.89,17912.99,17866.39,17809.69,17769.96,17775.24,17816.59,17841.84,17801.89,17715.8,17648.76,17654.61,17712.21,17772.13,17794.93,17773.44,17707.2,17615.58,17552.53,17572.62,17666.17,17760.49,17787.81,17751.56,17694.12,17651.86,17631.49,17631.14,17647.31,17672.7,17699.41,17718.79,17721.15,17698.05,17658.15,17622.08,17606.29,17600.57,17584.8,17550.96,17526.77,17545.98,17608.21,17660.92,17650.79,17583.57,17513.13,17486.84,17496.64,17511.06,17507.38,17491.95,17477.07,17470.49,17472.42,17482.2,17495.8,17506.36,17507.99,17502.75,17496.09,17490.84,17481.18,17459.7,17431.65,17422.46,17456.8,17516.81,17550.32,17515.22,17441.6,17388.25,17393.14,17433.16,17474.31,17496.03,17496.53,17476.15,17444,17415.32,17401.68,17394.72,17379.58,17351.8,17331.25,17340.7,17385.16,17449.86,17518.32,17568.24,17574.15,17524.89,17463.96,17447.48,17489.14,17530.43,17510.11,17437.79,17380.14,17392.05,17448.1,17493.46,17495.77,17479.28,17476.14,17493.46,17509.91,17505.45,17485.36,17468.17,17466.7,17473.2,17475.53,17469.71,17464.24,17467.94,17480.33,17494.51,17505.13,17514.6,17527.63,17545.16,17560.82,17567.77,17565.52,17559.08,17552.78,17546.13,17536.82,17528.94,17541.4,17593.88,17674.13,17737.81,17747.68,17726.88,17724.39,17766.42,17817.88,17834.89,17812.34,17788.38,17797.86,17831.43,17859.01,17861.86,17854.36,17856.24,17869.39,17874.76,17854.95,17816.16,17775.97,17747.78,17732.34,17728.14,17733.76,17747.89,17767.87,17780.19,17766.24,17724.09,17698.27,17739.2,17834.84,17904.95,17880.45,17798.07,17740.45,17758.26,17821.68,17889.46,17942.7,17984.28,18017.63,18044.05,18064.03,18078.5,18089.27,18098.43,18110.35,18131.31,18165.23,18204.35,18237.42,18257.49,18264.96,18261.09,18249.13,18233.58,18216.4,18190.1,18145.37,18087.94,18043.07,18034.23,18058.71,18101.06,18141.91,18152.03,18102.6,18009.49,17930.93,17914.83,17943.03,17975.17,17983.71,17964.24,17916.94,17868.39,17862.4,17923.02,18004.5,18047.27,18034,17997.43,17969.92,17961.15,17971.41,17999,18038.13,18082.04,18118.03,18128.91,18105.35,18068.81,18047.72,18048.89,18051.77,18038.01,18017.93,18014.14,18033.14,18046.79,18025.71,17985.46,17974.28,18021.43,18083.96,18103.91,18070.81,18029.52,18021.08,18042.58,18074.34,18102.42,18123.49,18136.2,18148.22,18172.69,18213.37,18246.5,18244.89,18213.12,18184.94,18188.31,18219.34,18265.15,18314.78,18359.92,18392.56,18405.49,18391.95,18360.24,18348.2,18392.15,18471.88,18531.94,18538.41,18520.36,18516.04,18527.09,18523.42,18488.42,18464.52,18507.13,18605.88,18673.31,18639.06,18556.13,18520.04,18561.65,18611.23,18602.07,18560.51,18556.37,18615.28,18672.92,18661.88,18600.03,18556.89,18572.72,18609.86,18621.04,18602.26,18582.25,18580.24,18581.73,18566.39,18535.02,18507.82,18501.49,18515.5,18544.99,18584.22,18626.54,18665.06,18692.1,18700.13,18697.21,18711.05,18762.17,18823.3,18850.93,18828.02,18775.29,18717.83,18690.03,18729.33,18829.47,18915.56,18920.72,18880.08,18872.33,18927.78,18994.08,19018.69,19010.51,19006.64,19024.24,19044.43,19045.96,19019.27,18960.56,18887.74,18858.49,18924.02,19046.52,19144.9,19178.89,19184.29,19200.74,19231.68,19263.05,19280.66,19270.36,19223.42,19173.44,19173.45,19235.24,19299.57,19309.49,19277.02,19244.44,19244.89,19296.58,19407.84,19530.75,19595.47,19578.46,19523.85,19476.89,19457.32,19475.15,19514.8,19527.57,19480.1,19427.15,19448.12,19539.01,19601.9,19565.62,19492.68,19476.99,19532.12,19594.88,19618.04,19619.85,19631.21,19660.45,19698.08,19733.87,19757.11,19759.18,19756.7,19782.32,19842.9,19889.4,19874.89,19832.39,19834.34,19905.56,19991.39,20037.28,20036.49,20000.68,19951.97,19925.69,19948.52,20004.81,20067.45,20113.84,20125.63,20099.7,20079.79,20114.27,20193.18,20266.93,20303.96,20313.46,20309.25,20299.13,20288.13,20284.2,20299.68,20343.3,20402.95,20460.12,20503.29,20528.08,20533.18,20526.34,20517.25,20516.11,20533.39,20566.78,20587.25,20568.75,20532.08,20517.91,20532.58,20536.43,20499.53,20447.62,20419.38,20417.77,20415.75,20403.06,20414.28,20482.15,20562.17,20571.41,20504.21,20471.13,20558.26,20689.21,20744.4,20699.73,20616.13,20543.22,20493.24,20471.18,20470.6,20479.29,20491.63,20511.62,20538.33,20546.07,20505.83,20447.46,20448.52,20540.43,20646.13,20686.52,20678.13,20678.03,20699.17,20700.77,20658.56,20616.87,20629.74,20689.88,20750.97,20789.21,20820.71,20858.89,20883.39,20864.94,20807.68,20745.07,20708.77,20723.69,20804.01,20894.94,20914.66,20860.31,20818.62,20845.59,20887.85,20881.99,20866.18,20931.79,21077.06,21169.66,21117.73,21020.5,21010.98,21084.16,21146.35,21150.42,21127.82,21109.66,21093.28,21068.45,21049.17,21066.86,21118.39,21137.43,21075.97,21008.36,21038.37,21146.95,21219.62,21200.29,21149.2,21127.05,21129.85,21135.75,21161.33,21253.2,21401.39,21487.14,21418.13,21294.18,21265.53,21348.82,21459.03,21524.94,21504.95,21387.94,21287.18,21338.66,21511.19,21658.12,21693.62,21633.47,21510.69,21389.72,21336.08,21342.12,21356.96,21365.58,21402.67,21482.04,21538.99,21507.42,21441.06,21449.07,21542.39,21623.36,21632.07,21617.2,21633.55,21671.07,21697.21,21713.72,21751.1,21811.2,21841.14,21800.69,21730.17,21688.08,21693.17,21739.27,21801.07,21828.66,21795.18,21745.64,21728.44,21725.53,21693.99,21646.66,21646.08,21715.8,21802.76,21858.95,21893.74,21927.54,21941.3,21894.97,21804.96,21754.71,21788.31,21842.78,21855.66,21857.06,21902.87,21970.34,21981.99,21930.58,21910.98,21975.06,22023.88,21956.92,21845.2,21820.71,21894.52,21980.77,22028.82,22048.01,22050.47,22040.35,22019.2,21981.77,21922.04,21869.45,21881.97,21969.62,22065.08,22119.97,22167.33,22241.71,22282.68,22200.39,22040.64,21952.54,21988.62,22057.41,22093.96,22138.83,22232.9,22317.03,22306.24,22225.74,22171.87,22177.5,22197.2,22197.61,22183.03,22160.94,22130.69,22093.43,22085.1,22154.77,22255.43,22252.76,22129.03,22063.75,22170.63,22308.24,22323.84,22277.56,22291.08,22318.52,22211.71,21980.98,21815.18,21834.46,22006.38,22262.12,22467.54,22498.2,22389.07,22238.25,22133.8,22153.38,22266,22314.36,22239.83,22194.39,22286.07,22383.21,22334.44,22191.72,22080.37,22067.35,22177.98,22340.52,22382.02,22265.63,22201.35,22315.21,22413.31,22303.75,22101.97,22002.73,22041.13,22167.02,22305.88,22365.01,22328.12,22281.81,22279.46,22288.06,22276.66,22260.98,22262.09,22272.86,22277.45,22275.35,22274.29,22271.15,22253.6,22234.41,22260.79,22328.83,22321.43,22172.46,22033.51,22058.36,22169.96,22226.28,22186.07,22065.5,21967.71,22055.47,22279.93,22351.62,22181.01,22038.26,22091.8,22165.03,22102.84,22040.12,22135.29,22273.03,22262.46,22140.81,22061.06,22061.11,22089.47,22124.26,22178.51,22238.95,22248.16,22179.7,22085.45,22012.77,21959.14,21915.36,21888.54,21886.98,21893.42,21885.29,21898.69,21998.78,22153.55,22253.2,22246.28,22149.84,22023.35,21984.25,22056.67,22062.96,21892.43,21693.65,21616.45,21637.77,21698.63,21773.47,21846.9,21896.95,21897.24,21807.49,21590.74,21389.68,21473.63,21776.9,21898.04,21739.46,21618.36,21688.34,21780.99,21767.51,21671.91,21542.4,21438.94,21405.89,21423.03,21454.39,21458.92,21404.2,21319.38,21254.18,21238.1,21283.19,21321.14,21247.11,21101.88,21027.31,21081.98,21246.71,21436.57,21502.36,21408.17,21266.89,21151.63,21059.12,21006.54,21060.28,21199.42,21198.97,20961.68,20799.32,20930.41,21069.27,20944.2,20707.76,20573.33,20582.24,20708.56,20823.16,20795.04,20689.37,20628.61,20612.36,20597.25,20629.57,20780,20918.67,20830.22,20623.25,20590.31,20713.79,20765.01,20698.59,20614.21,20550.69,20490.55,20421.71,20339.93,20263.39,20232.24,20254.68,20301.29,20334.27,20309.32,20231.09,20168.44,20165.26,20223.02,20274.93,20160.26,19890.46,19757.36,19878.66,20043.67,20085.8,19969.31,19754.83,19651.26,19716.43,19699.41,19495.33,19342.44,19379.05,19472,19512.68,19504.34,19468.83,19438.63,19421.69,19373.95,19290.72,19259.03,19289.87,19220.06,19011.57,18915.35,19028.3,19081.07,18958.24,18917.63,19045.8,19036.15,18800.08,18712.88,18890.91,18924.57,18655.58,18422.54,18387.49,18365.03,18265.19,18183.44,18178.27,18234.31,18283.66,18201.61,18018.55,17951.21,18020.04,18018.74,17910.04,17840.37,17862.55,17932.46,18010.33,18062.63,18043.33,17905.18,17716.91,17618.21,17618.06,17640.52,17600.29,17428.26,17229.3,17161.61,17143.15,17027.7,16919.37,16956.38,16959.2,16739.36,16528.59,16573.96,16741.29,16850.13,16856.97,16761.38,16606.09,16470.18,16495.69,16643.6,16527.74,16098.78,15881.2,16031.5,16171.92,16154.54,16113.74,16090.33,16032.06,15931.47,15818.98,15751.11,15778.96,15787.06,15621.73,15396.36,15287.58,15276.45,15272.05,15136.58,14859.62,14832.85,15194.75,15350.71,15037.62,14748.12,14732.71,14804.79,14818.25,14710.72,14528.14,14395.87,14353.77,14375.77,14357.92,14196.77,14012.07,13952.76,13945.4,13904.94,13893.92,13942.6,13944.17,13827.54,13614.78,13397.31,13331.81,13390.04,13382,13255.87,13061.95,12892.8,12835.47,12836.57,12824.41,12842.08,12864.13,12615.51,12105.9,11933.05,12196.89,12289.7,12132.86,12139.78,12216.44,11999.87,11682.22,11615.36,11699.22,11741.52,11694.6,11557.39,11367.45,11192.6,11132.04,11172.73,11196.23,11177.19,11136.17,10952.37,10549.75,10346.85,10602,10701.23,10363.16,10206.8,10349.87,10216.31,9914.93,10045.08,10331.89,10200.09,9958.817,9988.651,9957.653,9696.612,9635.554,9811.383,9706.395,9330.269,9098.077,8997.391,8863.993,8883.921,9148.467,9167.499,8794.612,8646.602,8820.132,8803.283,8531.612,8256.417,8205.946,8454.605,8554.396,8246.639,7924.908,7801.704,7757.671,7723.72,7680.198,7568.884,7378.767,7360.8,7585.62,7578.352,7226.371,6967.27,6939.689,7022.414,7079.538,7006.905,6836.276,6646.661,6543.848,6514.611,6416.553,6294.892,6294.208,6364.748,6399.802,6343.997,6209.5,6100.815,6034.071,5939.175,5789.796,5606.873,5509.582,5552.615,5591.36,5557.58,5502.747,5434.015,5340.324,5294.052,5332.631,5323.338,5198.466,5018.037,4784.819,4481.825,4284.595,4351.713,4561.181,4696.104,4504.926,4193.639,4222.469,4301.124,4080.693,3974.848,4120.99,4047.587,3793.849,3756.446,3826.231,3790.918,3712.419,3590.954,3302.014,3099.737,3340.813,3470.696,3064.139,2747.07,2804.983,2934.108,2799.261,2251.436,1919.569,2166.384"
