"Name","Scan 00871"
"Id","5a62e22a-a57a-11f1-ac89-f791b116698a"
"Version","1"
"Firstwavenumber","400"
"LastWavenumber","2300"
"Range","400 - 2300 cm-1"
"Wavelength","785"
"UserName","Default"
"CreatedDate","2026-08-31 16:27:14-04:00"
"ModifiedDate","2026-08-31 16:27:14-04:00"
"ScanNumber","00871"
"HazardLevel","Unknown"
"HazardColor","#d8d8d8"
"SampleHazardType",""
"Comment",""
"ProductId",""
"LotId",""
"BatchId",""
"Container",""
"Supplier",""
"OpName","6S"
"OpVersion","1"
"SmartAcquire","Off"
"IntTime","6.00"
"AutoInt","Off"
"Averages","3"
"LaserPower","5"
"Bdm","Off"
"SmartTipName","Intelligent UA, Bag (Position 2)"
"SmartTipSerialNumber","6075060600901977"
"LibraryMatchResult",""
"MixtureMatchResultCount",""
"SERSResult",""
"VerificationMatchResult",""
"VerificationMatchResultColor","#00ffffff"
"RescanResult",""
"RescanScanNumber",""
"RescanFinished",""
"RescanTotalFailed",""
"ContainerNumber",""
"SerialNumber","192601100702034"
"LastCalibrationDate","2025-12-01 12:10:59-05:00"
"LastSST","Pass, 2025-09-30 09:35:39-04:00"
"DeviceName","MIRA XTR DS 192601100702034"
"FoxCreek","8.0.121"
"NorthFork","1.3.0.107"
"WagonHound","8.2.51"
"Kernel","8.19"
"PackageVersion","8.0.3.60"
"SignatureLevel","Unsigned"
"Intensities","49873.27,49815.31,49759.76,49715.19,49690.44,49690.23,49700.36,49701.23,49674.66,49622.61,49562.56,49512.21,49480.21,49457.77,49434.17,49400.76,49359.79,49317.13,49278.49,49246.81,49222.74,49206.79,49193.29,49163.45,49096.91,48980.89,48844.93,48733.37,48688.06,48707.13,48750.34,48776.37,48758.73,48702.22,48615.59,48508.27,48393.37,48285.2,48197.28,48128.86,48067.02,47998.55,47915.5,47820.54,47717.63,47610.27,47499.78,47386.71,47271.9,47159.96,47058.58,46975.38,46912.52,46862.2,46815.62,46763.5,46694.39,46596.26,46459.24,46300.04,46153.3,46053.41,46006.84,45977.55,45925.98,45827.72,45712.81,45623.64,45595.95,45604.89,45592.4,45501.83,45326.1,45118.45,44935.43,44817.18,44758.75,44747.55,44768.02,44784.16,44751.67,44629.44,44435.57,44242.34,44123.29,44107.06,44133.38,44131.75,44048.2,43903.4,43739.46,43596.02,43486.06,43405.32,43349.21,43309.56,43273.29,43227.05,43160.99,43075.52,42972.98,42856.3,42732.72,42611.33,42501.11,42410.83,42348.99,42323.92,42330.38,42338.15,42314.45,42236.93,42124.95,42008.28,41913.41,41837.25,41760.54,41664.5,41546.67,41422.6,41308.65,41216.68,41148.45,41104.28,41080.63,41054.91,40998.8,40887.37,40732.49,40569.28,40432.41,40333.96,40258.19,40187.61,40109.16,40020.46,39920.78,39810.71,39697.61,39591.05,39499.71,39422.59,39352.25,39281.43,39211.41,39154.17,39122.29,39119.14,39125.59,39119.2,39081.51,39013.71,38923.14,38817.28,38705.4,38597.88,38504.74,38426.69,38353.65,38275.07,38187.82,38104.93,38041.46,38005.1,37972.18,37910.71,37793.63,37636.27,37476,37349.14,37270.24,37233.02,37230.32,37249.24,37266.77,37259.04,37208.09,37115.23,36985.68,36826.9,36660.99,36515.73,36416.54,36359.13,36317.84,36267.25,36201.48,36139.38,36101.23,36090.28,36071.24,36003.71,35862.3,35684.15,35522.72,35424.6,35382.86,35364.8,35338.82,35292.81,35231.05,35158.3,35077.47,34988.95,34892.88,34792.54,34699.05,34624.69,34577.16,34543.35,34504.29,34443.22,34361.35,34268.91,34176.21,34094.3,34034.85,34009.1,34008.2,33995.11,33930.85,33802.36,33657.85,33554.26,33529.38,33542,33530.71,33444.32,33305.6,33170.28,33090.29,33065.23,33056.17,33024.13,32953.11,32854.36,32740.65,32625.1,32521.62,32444.13,32398.21,32362.92,32312.1,32225.41,32113.5,31997.44,31897.33,31825.2,31788.6,31793.9,31827.93,31860.53,31861.55,31817.51,31737.41,31631.82,31513.9,31402.37,31316.61,31267.55,31237.68,31203.49,31145.98,31070.69,30991.6,30921.62,30863.87,30816.21,30775.98,30733.11,30671.42,30575.18,30449.8,30326.94,30239.55,30200.21,30183.48,30159.81,30106.66,30021.32,29904.64,29762.64,29624.66,29526.49,29496.03,29506.69,29508.5,29456.13,29356.38,29249.38,29174.11,29137.91,29118.61,29093.29,29049.75,28990.18,28917.83,28834.57,28739.77,28632.45,28518.51,28423.54,28376.58,28395.06,28446.74,28486.14,28474.06,28410.6,28311.47,28192.91,28076.89,27988.56,27950.84,27951.86,27951.92,27911.96,27827.95,27734.86,27669.14,27642.61,27629.09,27599.33,27536.2,27448.52,27348.48,27249.8,27171.06,27131.71,27141.44,27168.15,27168.56,27108.41,27007.54,26906.27,26839.9,26800.79,26758.88,26686.8,26592.79,26510.13,26470.54,26466.1,26451.76,26382.51,26258.45,26135.63,26072.73,26086.11,26122.59,26123,26061.03,25981.92,25940.11,25962.63,25996.93,25976.29,25858.67,25697.9,25571.06,25536.05,25551.83,25545.14,25455.52,25310.61,25175.85,25109.57,25103.18,25110.88,25089.3,25030.18,24950.14,24866.08,24791.26,24735.68,24708.46,24698.87,24673.79,24599.75,24477.36,24355.38,24285.53,24284.03,24304.47,24294.39,24229.14,24145.3,24087.44,24079.96,24091.7,24082.06,24022.76,23928.06,23821.4,23724.44,23651.56,23615.08,23620.45,23635.76,23616.53,23527.84,23398.67,23284.59,23233.79,23233.09,23238.34,23208.92,23143.21,23063.32,22990.69,22935.06,22897.58,22878.4,22862.77,22823.2,22733.42,22603,22477.6,22403.03,22386.68,22390.62,22374.99,22321.16,22239.64,22143.04,22048.51,21980.33,21963.09,21996.84,22036.28,22031.57,21962.16,21869.95,21804.63,21791.59,21796.6,21776.61,21705.78,21607.04,21511.74,21442.71,21395.34,21359.38,21326.1,21291.86,21254.23,21212,21168.93,21130.08,21098.24,21065.21,21019.56,20953.98,20883.18,20829.27,20809.26,20809.59,20805.32,20775.25,20723.05,20662.67,20606.62,20556.62,20509.4,20461.99,20413.73,20365.11,20316.71,20269.71,20225.69,20186.02,20150.9,20119.8,20092.09,20066.44,20041.02,20014.04,19983.9,19949.13,19908.71,19867.12,19832.84,19813.61,19805.66,19796.54,19774.4,19739.62,19702.3,19672.09,19646.63,19613.53,19561.09,19494.33,19432.81,19395.43,19380.6,19368.24,19338.82,19296.8,19268.92,19281.01,19322.44,19347.63,19311.96,19219.83,19123.78,19076.29,19086.69,19121.02,19144.44,19141.54,19116.63,19074.85,19020.26,18955.85,18884.76,18815.54,18762.35,18738.58,18734.19,18714.97,18647.33,18536.35,18426.84,18363.58,18351.73,18356.07,18340.71,18293.62,18226.71,18152.8,18082.66,18024.99,17987.85,17967.82,17950.44,17921.31,17877.26,17825.63,17774.01,17727.39,17688.4,17659.39,17638.73,17621.39,17602.4,17580.38,17557.05,17534.15,17512.79,17493.51,17476.58,17457.16,17426.57,17377.41,17321.68,17285.63,17292.64,17325.4,17338.38,17290.45,17198.33,17116.5,17094.41,17121.7,17151.43,17140.65,17089.55,17022.87,16963.8,16919.49,16888.62,16869.64,16859.62,16854.98,16852.35,16849.83,16846.16,16839.9,16828.21,16807.72,16776.17,16738.13,16700.63,16668.96,16639.1,16604,16559.69,16516.88,16490.62,16490.52,16503.34,16509.85,16495.6,16463.85,16421.97,16375.95,16327.17,16276.09,16224.14,16175.59,16135.21,16104.45,16076.34,16042.67,16001.05,15962.02,15937.83,15935.98,15942.28,15936.32,15904.74,15862.33,15830.87,15824.62,15831.83,15835.17,15822.12,15794.35,15756.19,15713.67,15677.26,15658.07,15657.3,15654.72,15627.48,15570.29,15510.18,15477.24,15479.73,15491.84,15485.33,15453.08,15415.82,15395.43,15392.85,15385.78,15352.1,15296.87,15250.42,15241.74,15266.14,15292.97,15293.3,15264.67,15221.46,15177.94,15145.29,15133.09,15147.45,15170.98,15176.54,15143.18,15082.7,15017.65,14967.73,14940.97,14942.41,14971.99,15013.57,15047.81,15060.54,15050.18,15017.14,14969.44,14929.66,14921.54,14944.18,14959.86,14929.37,14857.72,14801.33,14816.19,14896.34,14980.06,15008.58,14985.1,14955.76,14962.06,14997.41,15029.96,15034.38,15027.73,15043.72,15105.47,15187.8,15251.78,15270.08,15253.74,15221.56,15187.8,15155.87,15127.55,15101.99,15073.77,15037.13,14991.71,14943.89,14900.3,14863.05,14830.15,14799.29,14766.61,14727.21,14678,14630.35,14602.61,14607.18,14624.32,14623.59,14587.26,14544.05,14533.1,14569.41,14608.21,14596.17,14520.12,14435.51,14402.91,14434.23,14483.55,14503.78,14483.96,14442.99,14399.46,14360.06,14324.75,14292.87,14260.4,14222.06,14174.39,14121.11,14067.7,14017.53,13968.5,13917.76,13867.22,13826.8,13806.78,13805.36,13807.22,13797.42,13776.1,13754.65,13743.55,13743.78,13751.71,13763.02,13770.26,13764.99,13743.18,13714.05,13689.28,13672.62,13652.99,13618.06,13569.7,13526.86,13508.18,13512.01,13521.03,13519.4,13506.6,13489.54,13474.78,13466.96,13470.18,13487.24,13517.37,13559.08,13604.73,13636.25,13635.38,13603.7,13563.41,13535.99,13523.93,13517.63,13507.61,13486.62,13448.25,13390.81,13329.04,13281.2,13256.72,13247.4,13242.98,13233.95,13211.78,13169.32,13117.19,13078.68,13072.42,13083.53,13083.3,13051.35,12997.79,12939.67,12893.15,12872.48,12890.93,12937.08,12970.72,12953.91,12896.99,12843.03,12828.8,12848.95,12882.18,12909.29,12917.96,12897.42,12853.71,12822.15,12839.04,12896.64,12943.97,12935,12886.97,12851.73,12868.45,12915.68,12954.49,12959.69,12939,12904.86,12867.77,12835.7,12815.79,12806.61,12800.66,12791.67,12781.47,12774.88,12774.57,12776.88,12776.97,12771.07,12756.93,12733.06,12707.85,12697.73,12714.94,12740.97,12744.31,12706.85,12654.9,12623.57,12625.21,12634.65,12624.88,12597.7,12579.45,12592.12,12620.77,12634.44,12614.63,12583.8,12572.58,12591.63,12619.8,12634.2,12630,12617.02,12604.4,12594.33,12586.23,12580.49,12580.26,12589.18,12607.97,12633.31,12661.34,12684.84,12694.33,12682,12649.26,12600.54,12546.6,12513.07,12526.63,12583.3,12644.9,12675.04,12670.52,12645.92,12616.29,12597.93,12607.2,12643.81,12679.06,12683.35,12658.13,12629.85,12621.2,12628.25,12637.25,12637.29,12624.58,12596.79,12562.54,12542.93,12556.29,12590.15,12615.96,12613.57,12592.99,12570.75,12554.52,12538.41,12516.42,12495.84,12493.11,12518.82,12555.13,12575.89,12570.43,12557.98,12560.23,12580.94,12608.55,12631.45,12640.97,12629.52,12599.73,12578.06,12593.31,12647.23,12714.51,12770.88,12808.5,12826.51,12827.51,12823.21,12826.52,12840.83,12858.9,12873.78,12885,12895.16,12905.55,12913.56,12915.98,12911.76,12902.35,12889.88,12880.65,12882.98,12898.42,12908.8,12893,12851.99,12812.4,12798.92,12809.06,12827.5,12841.81,12848.04,12843.97,12836.2,12840.94,12871.06,12911.81,12936.45,12931.21,12914.89,12910.67,12926.48,12955.45,12990.03,13022.46,13044.94,13055.09,13062.11,13076.36,13102.97,13142.78,13192.71,13231.4,13232.17,13191.83,13147.17,13135.62,13154.79,13176.35,13178.33,13164.03,13142.4,13117.54,13087.25,13050.03,13013.61,12990.2,12983.96,12977.85,12952.4,12910.1,12874.28,12864.45,12874.77,12890.79,12898.75,12886.05,12842.82,12789.63,12767.01,12800.77,12864.44,12920.65,12946.8,12937.8,12893.45,12840.17,12815.42,12838.19,12888.26,12941.21,12985.18,13017.54,13037.05,13046.98,13051.65,13054.98,13060.36,13070.25,13080.65,13084.73,13078.29,13062.64,13040.08,13016.03,12998.19,12992.47,12997.91,13011.86,13026.58,13028.44,13007.31,12977.14,12960.99,12968.83,12986.61,12998.8,13002.4,13001.99,12997.2,12972.92,12913.46,12845.11,12832.8,12918.62,13033.63,13078.75,13028.09,12955.02,12930.58,12957.46,13008.92,13062.88,13106.88,13130.27,13131.16,13113.09,13086,13077.59,13116.17,13182.83,13217.74,13180.78,13117.83,13095.11,13128.61,13175.37,13196.61,13197.06,13196.61,13204.58,13213.86,13217.11,13216.2,13217.34,13220.89,13215.32,13190.47,13166.17,13180.38,13242.36,13286.38,13240.88,13127.43,13038.05,13035.74,13082.7,13122,13126.95,13098.61,13045.7,13003.47,13012.14,13063.21,13095.16,13062.19,13007.7,13000.46,13053.63,13110.31,13119.77,13092.41,13059.79,13045.71,13062.81,13117.36,13180.06,13207.99,13191.09,13171.08,13187.11,13226.68,13255.19,13259.11,13260.97,13282.23,13308.98,13311.23,13287.07,13285.09,13348.22,13430.48,13443.58,13362.68,13280.27,13287.32,13356.64,13403.68,13391.2,13370.11,13392.06,13436.52,13448.36,13409.23,13367.72,13370.76,13396.94,13393.34,13347.28,13315.63,13350.93,13423.38,13467.5,13457.91,13433.78,13433.82,13454.39,13474.96,13483.94,13482.85,13476.67,13484.16,13528.2,13595.5,13625.99,13575.62,13496.79,13469.81,13511.62,13567.75,13593.04,13597.78,13606.31,13632.77,13681.59,13750.67,13816.96,13854.46,13861.77,13856.99,13859.17,13888.26,13960.32,14044.32,14079.29,14043.64,14001.38,14019.01,14088.93,14166.55,14216,14216.44,14158.59,14095.63,14102.41,14177.02,14220.9,14163.99,14090.06,14119.61,14250.83,14367.22,14386.71,14348.88,14314.48,14312.48,14350.24,14424.18,14508.01,14573.86,14605.76,14593.83,14552.17,14530.79,14571.99,14662.57,14771.83,14877.32,14965.01,15026.25,15068.71,15101.47,15107.92,15054.01,14935.79,14812.96,14743.35,14711.44,14670.08,14604.02,14540.77,14500.54,14459.14,14383.03,14283.69,14210.48,14188.43,14178.08,14136.67,14080.82,14057.14,14078.04,14104.3,14101.89,14081.89,14067.88,14067.44,14073.91,14078.09,14065.67,14025.29,13978.37,13962.66,13985.45,14009.71,14003.16,13970.35,13926.99,13905.1,13949.79,14061.54,14138.28,14086.01,13973.24,13936.68,14008.82,14095.52,14121.72,14105.97,14085.69,14081.39,14102.53,14143.21,14171.37,14160.54,14126.3,14096.32,14075.42,14048.42,14010.23,13980.96,13980.41,14000.53,14021.93,14043.91,14087.03,14157.82,14216.39,14220.18,14185.28,14159.08,14163.21,14182.94,14202.75,14214.69,14213.52,14205.02,14202.06,14211.25,14228.83,14248.44,14256.54,14239.54,14211.39,14205.85,14233.17,14260.13,14256.53,14229.63,14198.31,14183.63,14208.24,14269.6,14317.25,14307.59,14259.74,14211.41,14180.21,14167.93,14179.83,14228.53,14315.12,14379.8,14350.53,14254.61,14194.41,14208.77,14219.22,14165.47,14125.77,14206.49,14367.25,14466.67,14444.07,14371.65,14316.85,14280.58,14249.31,14229.1,14237.44,14274.14,14314.67,14341.87,14367.92,14405.69,14425.16,14377.82,14288.91,14264.97,14355.99,14460.21,14475.82,14444.21,14455.89,14515.99,14557.44,14540.33,14479.33,14400.1,14350.02,14375.09,14440.95,14465.4,14435.21,14428.8,14485.27,14511.56,14417.68,14299.01,14319.17,14459.73,14539.86,14480.21,14403.27,14417.28,14476.56,14501.65,14479.95,14437.23,14395.95,14374.09,14379.99,14398.83,14414.76,14425.68,14433.7,14435,14421.94,14409.97,14447.52,14551.45,14637.5,14623.6,14564.26,14562.34,14620.86,14663.13,14653.78,14626.32,14609.86,14599.81,14585.63,14562.41,14528.19,14491.03,14467.27,14472.07,14518.28,14605.03,14689.09,14726.44,14723.13,14703.71,14667.64,14595.76,14510.22,14493.68,14579.37,14649.75,14593.76,14483.79,14446.17,14485.93,14529.01,14545.76,14561.94,14594.26,14631.7,14660.87,14674.59,14668.46,14647.92,14623.83,14612.76,14636.25,14687.75,14714.29,14685.32,14651.38,14664.53,14697.18,14696.83,14652.35,14579.84,14513.17,14505.24,14570.2,14644.77,14679.21,14702.96,14750.43,14775.44,14707.73,14584.02,14513.04,14526.77,14565.54,14585.92,14587.2,14578.01,14581.82,14618.49,14664.56,14680.99,14641.36,14530.4,14408.22,14413.85,14572.44,14703.17,14671.56,14541,14407.88,14351.84,14431.68,14565.01,14603.12,14536.28,14471.4,14461.93,14484.88,14524.94,14594.61,14686.58,14711.88,14591.76,14412.69,14309.31,14298.08,14328.43,14372.68,14424.08,14468.67,14481.76,14459.94,14446.23,14476.67,14544.02,14626.15,14669.72,14624.4,14556.37,14581.49,14662.07,14646.43,14522.51,14439.96,14467.58,14522.84,14543.57,14556.18,14586.51,14605.24,14578.2,14521.24,14466.42,14426.09,14401.97,14395.98,14410.1,14442.75,14488.24,14533.83,14556.09,14541.6,14501.52,14452.39,14417.16,14414.68,14437.87,14471.61,14498.65,14501.89,14475.93,14422.67,14350.08,14272.1,14232.77,14307.48,14466.45,14519.36,14397.37,14309.02,14393.05,14494.67,14458.17,14325.42,14184.42,14111.8,14163.1,14262.93,14288.57,14244,14205.26,14186.43,14154.61,14133.15,14201.18,14339.46,14398.02,14313.22,14181.27,14083.54,14035.72,14037.92,14070.46,14113.91,14162.32,14207.05,14212.76,14150.3,14075.63,14062.95,14078.71,14046.97,13978.83,13933.5,13926.66,13941.5,13949.62,13914.94,13850.31,13819.58,13831.14,13819.91,13777.03,13787.12,13868.12,13900.62,13829.9,13776.98,13820.6,13865.68,13835.15,13798.02,13823.64,13875.04,13899.21,13882.69,13832.02,13801,13835.24,13835.36,13681.85,13505.78,13514.29,13632.39,13664.25,13613.26,13588.67,13614.44,13658.62,13677.25,13623.44,13528.82,13482.1,13480.13,13441.83,13360.49,13301.86,13299.59,13349.62,13412.77,13413.83,13335.26,13231.97,13141.56,13073.16,13036.79,13045.74,13078.58,13063.03,12996.3,12990.24,13076.24,13136.7,13114.79,13082.74,13081.84,13074.71,13030.56,12946.4,12841.23,12770.03,12761.09,12782.35,12799.05,12785.34,12747.28,12752.58,12816.98,12836.28,12754.25,12641.08,12557.17,12512.13,12498.61,12487.53,12464.64,12449.49,12451.74,12454.6,12440.25,12394.79,12334.79,12329.63,12375.87,12336.74,12196.11,12155.65,12261.82,12288.79,12147.03,11983.32,11898.04,11899.12,11951.33,11973.96,11952.42,11953.7,11971.25,11915.17,11816.59,11827.86,11911.09,11855.46,11693.84,11659.98,11730.01,11692.11,11600.74,11673.42,11792.41,11667.17,11419.89,11362.53,11430.62,11400.76,11263.8,11104.89,11011.51,11039.71,11077.11,11020.85,11054.02,11303.54,11387.71,11033.42,10688.35,10718.42,10894.8,10986.27,10973.81,10886.74,10790.99,10735.33,10733.96,10748.35,10679.35,10536.67,10446.79,10434.97,10433.99,10422.31,10409.25,10349.77,10189.34,10064.22,10140.1,10186.59,9952.337,9829.149,10164.34,10401.02,10094.28,9747.038,9740.379,9792.504,9720.891,9675.148,9675.476,9528.163,9304.394,9349.93,9575.502,9557.797,9325.416,9171.568,9132.657,9120.675,9063.352,8934.148,8876.063,8970.994,8971.984,8746.424,8563.133,8590.198,8733.568,8836.934,8713.285,8478.973,8493.573,8672.236,8676.567,8586.145,8615.589,8588.242,8301.455,7969.287,7794.665,7688.742,7602.248,7642.843,7768.016,7729.59,7535.382,7424.918,7416.874,7399.085,7401.241,7478.993,7498.583,7366.498,7300.776,7400.17,7381.982,7196.232,7182.256,7298.193,7134.655,6746.408,6480.506,6471.625,6699.157,6874.754,6785.356,6658.104,6653.09,6657.435,6581.321,6408.661,6263.224,6337.605,6461.248,6348.006,6117.723,5975.606,5967.409,6016.773,5876.267,5601.661,5624.767,5842.2,5773.507,5582.867,5631.219,5608.882,5266.954,5125.556,5405.058,5573.308,5428.248,5199.851,5035.854,4994.001,4996.312,4948.147,4891.947,4898.319,5025.599,5151.229,4954.396,4541.628,4309.518,4307.298,4416.674,4488.635,4412.067,4183.45,3983.058,4169.094,4468.934,4265.359,4014.966,4308.298,4430.599,3951.995,3666.504,3824.458,3892.232,3800.955,3779.687,3780.203,3690.689,3529.923,3368.222,3313.496,3346.671,3339.884,3285.62,3234.652,3210.433,3193.831,3092.707,2964.875,3031.27,3183.748,3153.597,3004.624,2895.153,2925.751,3015.729,2869.487,2573.106,2451.127,2439.971,2383.888,2312.772,2256.087,2192.15,2145.036,2168.917,2252.566,2347.607,2375.466,2319.732,2258.498,2136.701,1860.891,1784.873,2121.408,2194.54,1834.736,1742.736,1893.494,1830.347,1755.381,1859.988,1775.486,1502.477,1516.429,1706.387,1697.347,1500.002,1245.31"
