"Name","Scan 00822"
"Id","75bd47c6-a571-11f1-ac89-f791b116698a"
"Version","1"
"Firstwavenumber","400"
"LastWavenumber","2300"
"Range","400 - 2300 cm-1"
"Wavelength","785"
"UserName","Default"
"CreatedDate","2026-08-31 15:23:35-04:00"
"ModifiedDate","2026-08-31 15:23:35-04:00"
"ScanNumber","00822"
"HazardLevel","Unknown"
"HazardColor","#d8d8d8"
"SampleHazardType",""
"Comment",""
"ProductId",""
"LotId",""
"BatchId",""
"Container",""
"Supplier",""
"OpName","10S"
"OpVersion","1"
"SmartAcquire","Off"
"IntTime","10.00"
"AutoInt","Off"
"Averages","3"
"LaserPower","5"
"Bdm","Off"
"SmartTipName","Intelligent UA, Bag (Position 2)"
"SmartTipSerialNumber","6075060600901977"
"LibraryMatchResult",""
"MixtureMatchResultCount",""
"SERSResult",""
"VerificationMatchResult",""
"VerificationMatchResultColor","#00ffffff"
"RescanResult",""
"RescanScanNumber",""
"RescanFinished",""
"RescanTotalFailed",""
"ContainerNumber",""
"SerialNumber","192601100702034"
"LastCalibrationDate","2025-12-01 12:10:59-05:00"
"LastSST","Pass, 2025-09-30 09:35:39-04:00"
"DeviceName","MIRA XTR DS 192601100702034"
"FoxCreek","8.0.121"
"NorthFork","1.3.0.107"
"WagonHound","8.2.51"
"Kernel","8.19"
"PackageVersion","8.0.3.60"
"SignatureLevel","Unsigned"
"Intensities","55029.34,54973.83,54865.99,54758.57,54709.95,54758.82,54853.28,54915.39,54873.13,54737.26,54582.32,54483.73,54474.61,54506.34,54521.24,54474.52,54389.11,54310.28,54280.54,54298.12,54323.7,54317.04,54255.47,54153,54028.16,53900.4,53794.73,53738.04,53754.63,53823.23,53882.46,53870.08,53759.03,53597.04,53441.2,53338.92,53284,53251.47,53216.93,53164.3,53084.59,52969.2,52820.45,52662.89,52523.6,52423.13,52348.06,52273.99,52178.36,52065.84,51962.44,51894.43,51869.25,51860.13,51836.77,51773.45,51664.34,51509.25,51310.09,51094.78,50908.83,50797.18,50764.81,50755.62,50708.59,50583.79,50417.44,50262.95,50166.84,50112.89,50050.49,49930.32,49748.6,49557.16,49410.82,49343.1,49328.93,49333.31,49323.29,49278.39,49183.44,49025.19,48827.8,48649.56,48549.42,48543.87,48565.38,48536.82,48401.81,48198.48,47992.01,47842.76,47758.77,47714.28,47683.2,47645.44,47589,47502.53,47382.43,47248.23,47123.59,47028.85,46961.84,46910.85,46864.71,46821.84,46789.18,46773.85,46773.34,46767.51,46734.36,46655.6,46527.47,46349.88,46125.93,45889.04,45689.08,45574.23,45547.76,45563.29,45572.14,45536.71,45444.15,45285.04,45059.96,44818.16,44623.48,44532.43,44521.32,44515.86,44443,44287.5,44105.83,43958.63,43882.38,43854.07,43841.75,43814.78,43748.92,43622.11,43416.89,43169.74,42952.47,42835.58,42832.67,42885.91,42933.22,42930.57,42877.64,42780.73,42649.42,42510.14,42394.52,42330.9,42313.46,42315.32,42309.74,42278.87,42215.07,42111.33,41970.33,41815.7,41673.67,41563.62,41475.83,41392.81,41298.9,41194,41086.06,40982.99,40891.02,40814.74,40758.6,40719.86,40683.44,40633.09,40557.64,40462.59,40356.77,40247.86,40136.69,40021.3,39900.48,39782.54,39682.57,39615.32,39578.71,39549.34,39502.64,39422.6,39312.5,39178.25,39027.61,38876.26,38741.9,38639.89,38567.33,38512.52,38464.05,38415.55,38364.82,38309.89,38250.24,38187.45,38123.28,38056.71,37979.7,37883.22,37764.42,37648.73,37569.54,37553.31,37569.06,37557.05,37461.32,37291.31,37111.95,36988.64,36943.63,36938.32,36929.74,36887.76,36812.6,36708.88,36583.77,36455.22,36343.89,36267.5,36222.67,36196.62,36176.59,36149.99,36104.37,36027.7,35919.89,35794.98,35667.78,35552.28,35460.95,35406.04,35389.33,35379.23,35337.64,35236.45,35100.95,34974.39,34895.41,34861.14,34845.91,34824.63,34784.96,34725.63,34645.91,34552.58,34462.57,34393.38,34352.24,34324.61,34293.25,34244.81,34179,34098.26,34004.99,33901.2,33788.75,33670.58,33559.74,33474.72,33432.27,33420.43,33403.53,33346.15,33240.98,33115.53,32999.3,32911.04,32849.54,32811.37,32787.29,32751.21,32674.17,32539.62,32386.37,32268.66,32230.17,32241.72,32242.88,32178.38,32050.61,31898.88,31761.98,31659.47,31592.92,31562.98,31559.11,31555.66,31526.16,31454.91,31347.37,31211.41,31064.03,30948.78,30913.73,30985.1,31095.18,31151.29,31077.81,30907.06,30714.05,30568.16,30485.4,30451.26,30450.33,30456.98,30437.41,30359.13,30229.12,30098.24,30018.74,30003.44,30004.19,29968,29871.61,29755.49,29668.28,29640.29,29646.79,29652.67,29629.54,29577.15,29502.88,29414.93,29326.72,29253.65,29207.77,29172.16,29114.84,29007.54,28870.27,28756.97,28718.94,28742.62,28753.75,28677.99,28509.12,28325.48,28209.63,28196.1,28240.68,28292.12,28314.46,28304.76,28264.48,28195.9,28103.68,27992.92,27872.06,27762.79,27689.96,27670.48,27679.88,27680.33,27639.79,27566.23,27484.8,27418.24,27366.65,27317.52,27258.89,27187.17,27104.71,27014.35,26926.03,26856.09,26820.32,26814.82,26813.5,26789.54,26733.56,26660.71,26587.9,26525.28,26471.26,26423.01,26375.29,26317.47,26238.25,26135.88,26035.07,25964.93,25940.77,25929.98,25889.71,25791.95,25673.09,25586.91,25573.91,25603.01,25619,25575.1,25480.43,25367.41,25265.54,25180.35,25105.19,25034.1,24969.27,24917.84,24886.42,24873.6,24872.17,24874.19,24860.23,24801.02,24669.26,24488.34,24332.66,24276.4,24325.95,24407.81,24445.26,24407.51,24326.79,24239.53,24166.67,24104.56,24047.38,23993.86,23951.07,23926.95,23918.87,23901.68,23847.5,23745.84,23629.07,23535.86,23488.82,23465.37,23435.03,23376.72,23299.64,23219.07,23147.65,23088.3,23041.65,23005.63,22966.61,22907.96,22820.72,22732.47,22681.65,22696.31,22749.11,22794.15,22792.18,22743.07,22661.42,22562.66,22468.15,22401.69,22382.03,22390.55,22391.62,22353.54,22277.58,22181.42,22082.98,22001.54,21957.16,21966.1,22006.68,22035.02,22011.45,21944.74,21874.22,21836.04,21823.64,21801.67,21737.42,21638.81,21542.8,21484.62,21467.01,21468.21,21466.77,21455.05,21436.43,21414.46,21390.71,21365.11,21337.74,21312.87,21298.33,21301.4,21315.94,21323.77,21306.98,21261.33,21195.27,21117.93,21042.96,20988.31,20970.81,20979.89,20978.08,20928.65,20834.99,20740.67,20689.29,20688.69,20710.35,20724.73,20714.05,20672.55,20595.6,20492.29,20385.81,20299.25,20239.63,20197.42,20162.53,20129.27,20096.52,20063.28,20026.57,19981.42,19923.14,19854.9,19787.85,19733.09,19694.08,19666.7,19646.37,19625,19591.1,19533.92,19459.75,19391.03,19349.68,19337.61,19338.39,19335.4,19320.3,19292.05,19250.28,19201.26,19156.95,19128.52,19111.5,19088.73,19044.45,18988.62,18951.14,18959.51,19001.52,19035.72,19023.39,18968,18902.29,18857.35,18838.24,18833.01,18829.48,18815.78,18780.2,18713.84,18634.79,18576.51,18567.7,18593.68,18616.91,18604.68,18564.67,18524.13,18506.58,18507.65,18510.57,18499.29,18462.9,18392.57,18286.03,18179.84,18124.75,18157.47,18240.43,18311.49,18321.89,18285.47,18234.65,18194.56,18159.92,18117.46,18059.68,18000.46,17958.66,17945.1,17944.37,17935.72,17904.27,17851.96,17783.77,17707.66,17639.33,17595.53,17581.43,17576.5,17556.83,17506.18,17443.57,17398.12,17390.52,17407.98,17429.37,17437.15,17426.19,17394.05,17342.16,17283.39,17232.69,17201.97,17195.49,17216.22,17258.59,17298.4,17309.29,17281.15,17234.01,17190.91,17165.21,17155.09,17157.3,17162.51,17153.41,17112.94,17045.28,16978.25,16939.7,16935.01,16948.64,16964.63,16972.15,16964.36,16935.63,16893.18,16852.39,16827.52,16822.18,16834.52,16860.74,16884.35,16883.55,16843.99,16790.41,16760.47,16778.23,16812.12,16816.31,16765.32,16698.52,16668.04,16698.77,16748.37,16764.63,16728.11,16682.15,16676.39,16721.63,16770.65,16772.87,16719.85,16652.01,16611.02,16610.97,16641.05,16689.64,16745.27,16796.59,16834.05,16863.74,16900.01,16955.94,17036.35,17142.83,17270.2,17382.29,17434.16,17402.36,17334.17,17291.28,17308.08,17354.29,17390.42,17390.2,17350.19,17269.59,17159.91,17048.29,16961.6,16901.56,16846.58,16776.4,16697.56,16634.66,16607.97,16600.79,16578.65,16517.27,16447.33,16417.92,16458.55,16527.67,16567.62,16548.83,16511.1,16504.33,16546.96,16603.61,16634.5,16626.16,16596.36,16563.74,16531.09,16488.08,16425.08,16342.91,16248.34,16148.94,16056.75,15985.52,15943.06,15913.63,15875.74,15816,15741.76,15663.6,15592.24,15538.62,15513.24,15513.33,15521.32,15519.79,15504.74,15482.17,15458.52,15442.04,15441.86,15461.88,15480.29,15467.42,15410.05,15344.56,15316.38,15342.36,15385.31,15402.91,15380.41,15336.32,15290.53,15253.34,15227.62,15214.59,15203.28,15176.8,15125.1,15070.33,15044.08,15062.27,15097.2,15113.94,15098.77,15073.5,15062.38,15065.97,15060.21,15022.52,14960.61,14901.48,14867.86,14854.04,14843.46,14823.81,14797.46,14769.98,14744.73,14720.62,14696.08,14671.06,14647.28,14626.49,14609.49,14596.38,14587.56,14585.63,14594.06,14611.14,14616,14583.57,14510.47,14437.3,14408.72,14429.62,14458.47,14454.49,14419.38,14383.54,14372.33,14376.86,14375.26,14353.83,14325.05,14306.57,14309.35,14332.6,14373.85,14419.99,14447.41,14435.76,14399.6,14372.54,14379.95,14408.02,14431.58,14437.22,14439.5,14456.47,14483.19,14485.18,14430.17,14340.29,14276.03,14286.15,14344.35,14396.52,14405.88,14387.25,14364.74,14352.38,14348.72,14351,14356.32,14361.65,14363.99,14360.45,14348.26,14325.61,14293.95,14255.53,14218.51,14200.89,14219.97,14265.13,14301.88,14300.87,14274.64,14253.91,14259.28,14277.86,14290.07,14289.48,14290.62,14308.6,14337.41,14353.95,14339.64,14308.43,14287.21,14292.37,14309.35,14318.23,14310.19,14292.04,14271.96,14260.68,14270.7,14308.55,14349.13,14357.05,14320.32,14281.69,14290.19,14348.6,14408.16,14421.76,14382.81,14306.45,14213.34,14144.43,14145.07,14220.11,14305.39,14334.05,14305.63,14273.11,14280.84,14312.3,14328.65,14310.19,14285.2,14288.18,14318.23,14334.12,14299.84,14245.33,14234.96,14305.12,14392.09,14411.03,14340.64,14256.14,14235.32,14283.51,14356.04,14413.68,14447.61,14457.98,14448.39,14429.04,14410.75,14401.43,14406.48,14429.54,14464.34,14500.99,14532.65,14559.72,14583.72,14608.33,14639.3,14679.8,14713.66,14716.46,14681.01,14646.38,14657.76,14716.13,14773.17,14785.16,14765.32,14753.58,14775.13,14812.07,14839.14,14843.3,14825.79,14790.34,14754.15,14740.97,14761.07,14785.19,14777.82,14734.79,14688.33,14668.8,14675.02,14690.92,14705.9,14724.78,14754.55,14788.87,14806.78,14792.1,14768.42,14776.51,14832.1,14887.99,14889.82,14841.9,14805.57,14833.63,14911.99,15001.55,15075.36,15132.43,15175.17,15207.94,15236.73,15265.08,15284.36,15282.46,15261.6,15248.37,15267.75,15296.99,15282.11,15193.95,15096.55,15073.53,15133.44,15186.92,15150.92,15049.22,14957.72,14923.9,14919.78,14906.59,14875.93,14848.2,14839.76,14838.86,14824.26,14787.54,14743.17,14707.08,14683.51,14669.09,14661.36,14661.43,14670.94,14683.64,14683.99,14661.45,14643.22,14672.14,14759.86,14851.91,14889.46,14874.01,14851.89,14858.61,14883.28,14904.11,14913.88,14923.79,14942.59,14952.84,14925.88,14857.37,14795.07,14789.18,14829.72,14862.92,14849.72,14808.53,14770.45,14752.95,14757.57,14784.01,14826.13,14875.45,14916.7,14922.21,14868.78,14796.38,14783.43,14870.72,14988.45,15050.02,15035.17,14984.69,14936.23,14902.03,14887.17,14896.45,14934.28,15000.71,15065.2,15084.19,15044.73,14994.35,14983.85,15019.94,15081.9,15146.97,15188,15179.08,15132.86,15095.41,15100.42,15126.48,15138.97,15128.21,15113.76,15114.44,15134.74,15173.97,15220.21,15244.11,15220.62,15170.72,15136.91,15140.69,15160.74,15173.41,15186.17,15225.29,15292.6,15325.95,15259.24,15120.04,15006.84,14985.09,15006.23,15000.99,14952.08,14890,14843.04,14823.23,14837.94,14877.46,14913.47,14924.59,14927.46,14949.58,14997,15048.75,15083.51,15088.38,15053.73,14989.42,14932.96,14919.72,14956.75,15039.7,15146.67,15228.27,15241.24,15204.15,15162.14,15140.15,15128.51,15116,15105.35,15105.73,15125.28,15170.21,15242.9,15316.34,15349.59,15330.21,15298.49,15294.85,15313.59,15326.62,15323.18,15324.84,15352.62,15394.43,15422.19,15418.23,15383.84,15325.93,15279.25,15291.18,15368.23,15446.51,15464.73,15432.5,15390.5,15369.35,15383.17,15439.38,15510.52,15555.49,15557.71,15536.48,15511.63,15489.41,15471.33,15464.68,15484.23,15537.95,15597.63,15624.58,15606.5,15560.86,15507.9,15472.76,15480.71,15531.41,15600.11,15670.57,15759.21,15885.91,16013.96,16061.91,15989.65,15873.67,15804.9,15809.81,15873.72,15972.61,16064.04,16109.44,16124.11,16149.95,16199.8,16238.05,16233.02,16205.79,16196.91,16224.73,16279.66,16351.79,16437.77,16535.18,16624.46,16669.98,16657.68,16642.67,16687.17,16771.96,16822.58,16806.26,16782.97,16813.85,16871.23,16886.01,16844.25,16815.16,16858.3,16947.61,17030.64,17082.51,17106.55,17111.46,17118.96,17149.61,17173.66,17127.1,16989.84,16835.28,16739.74,16714.04,16739.45,16772.28,16735.72,16582.92,16405.95,16327.27,16345.4,16354.64,16296.27,16238.68,16257.03,16311.86,16306,16214.57,16121.81,16101.95,16138.05,16186.97,16219.85,16220.54,16182.19,16121.14,16058.3,16021.77,16042.59,16111.08,16158.5,16132.8,16076.91,16056.88,16086.92,16139.09,16187.88,16216.19,16209.83,16167.36,16093.45,16010.39,15961.71,15977.29,16034.71,16101.25,16157.56,16192.83,16200.44,16180.81,16140.67,16115.17,16145.35,16214.15,16253.71,16228.6,16183.88,16168.53,16177.29,16182.46,16178.87,16187.07,16218.5,16252.64,16266.15,16267.28,16280.9,16310.49,16329.34,16316.72,16283.18,16246.38,16219.99,16215.05,16233.24,16261.16,16282.15,16271.75,16208.41,16141.66,16172.04,16310.55,16403.95,16327.97,16186.01,16141.42,16209.68,16291.12,16317.82,16288.48,16218.57,16170.28,16214.3,16320.37,16378.8,16345.35,16304.43,16329.75,16370.33,16343.03,16259.62,16203.74,16220.25,16281.01,16349.38,16384.94,16351.5,16282.97,16261.11,16301.3,16310.88,16227.27,16144.87,16182.43,16304.69,16385.68,16385.03,16380.95,16428.34,16479.35,16473.43,16416.1,16345.08,16290.63,16274.49,16301.35,16334.48,16339.92,16340.07,16375.29,16427.6,16430.12,16366.67,16317.82,16344.42,16376.28,16320.5,16223.87,16216.62,16325.61,16440.02,16473.31,16437.24,16365.87,16324.14,16384.12,16504.5,16543.13,16452.64,16370.43,16408.03,16481.39,16469.54,16396.36,16366.54,16400.27,16416.61,16374.87,16348.35,16403.9,16477.69,16469.6,16393.61,16344,16356.35,16379.83,16373.91,16348.53,16321.91,16305.47,16306.8,16314.89,16304.05,16267.75,16230.29,16212.45,16214.55,16231.62,16249.98,16254.66,16270.65,16354.99,16500.8,16598.57,16574.26,16494.57,16442.13,16421.99,16409.88,16410.22,16448.92,16513.5,16535.15,16475.34,16392.26,16348.33,16335.15,16322.93,16321.26,16364.43,16441.1,16484.38,16464.94,16444.93,16474.8,16500.2,16450.49,16360.15,16314.44,16333.69,16377.89,16414.71,16428.31,16408.44,16357.35,16281.91,16201.77,16141.31,16125.61,16178.45,16273.12,16326.84,16299.04,16237.28,16190.51,16176.45,16202.12,16248.89,16289.27,16314.47,16328.56,16332.73,16324.39,16298.66,16246.54,16175.77,16153.63,16239.57,16362.29,16408.87,16369.2,16299.82,16247.4,16246.53,16303.05,16373.51,16413.16,16388.4,16286.88,16193.32,16207.2,16284.06,16308.57,16249.72,16148.5,16059.09,16049.91,16146.33,16279.41,16377.58,16403.52,16340.03,16244.32,16193.66,16194.97,16214.99,16227.93,16215.49,16178.55,16143.79,16127.88,16122.37,16122.14,16143.94,16197.16,16228,16174.2,16082.4,16048.12,16061.13,16032.3,15960.15,15944.72,16018.94,16093.08,16104.83,16091.22,16091.46,16093.69,16080.14,16070.8,16091.94,16100.54,16024.82,15926.03,15962.66,16110.14,16140.49,15974.37,15782.95,15699.51,15721.97,15815.63,15899.73,15907.83,15886.89,15903.23,15922.89,15879.53,15814.53,15826.54,15898.88,15922.76,15872.29,15816.2,15775.04,15689.48,15561.57,15532.89,15667.55,15762.72,15649.82,15476.8,15426.52,15453.19,15451.31,15440.63,15485.41,15521.53,15421.28,15266.02,15291.17,15483.12,15575.84,15482.68,15365.43,15319.07,15298.21,15280.48,15322.25,15431.85,15454.74,15283.5,15084.57,15041.72,15127.38,15249.71,15302.77,15196.77,15011.73,14898.58,14911.93,15044.06,15210.23,15276.48,15218.42,15107.83,14985.2,14855.19,14759.19,14786.18,14925.42,15008.75,14980.54,15017.29,15188.6,15272.73,15131.55,14950.63,14894.99,14898.2,14879.36,14873.65,14915.79,14918.26,14797.22,14665.53,14665.92,14730.71,14732.77,14691.14,14676.73,14659.48,14570.25,14452.14,14405.48,14455.68,14574.87,14667.5,14602.24,14432.93,14351.7,14392.26,14447.33,14419.14,14230.11,13963.61,13864.07,13998.04,14222.11,14392.13,14380.44,14199.58,14042.79,14015.91,14084.45,14180.95,14205.58,14118.96,13981.17,13857.44,13806.33,13837.57,13877.5,13857.1,13731.6,13530.9,13418.22,13477.76,13614.25,13721.53,13712.63,13590.1,13529.35,13584.34,13524.4,13267.67,13101.54,13174.29,13262.9,13233.75,13222.86,13297.62,13325.13,13215.17,13007.79,12805.41,12798.83,13009.41,13127.65,13026.3,12967.06,13035.04,12944.73,12646.61,12535.46,12723.49,12820.43,12696.52,12668.09,12825.8,12899.4,12776.31,12585.09,12465.42,12542.68,12712.77,12630.09,12340.83,12290.53,12485.53,12514.91,12302.27,12071,11967.49,12057.97,12252.27,12362.31,12332.69,12198.65,12045.19,11971.63,11967.73,11969.31,11917.71,11776.09,11625.78,11571.89,11609.38,11677.79,11630.32,11384.74,11191.55,11256.52,11396.59,11423.83,11341.31,11202.47,11102.23,11056.67,10927.23,10740.43,10797.64,11081.59,11144.39,10918.77,10764.74,10747.89,10663.97,10485.79,10321.71,10259.49,10356.01,10533.2,10649.16,10572.65,10259.04,10063.91,10270.51,10430.47,10195.95,10014.42,10170.94,10259.71,10065.46,9872.305,9819.706,9782.454,9735.452,9772.259,9832.827,9749.555,9643.46,9767.115,9921.182,9776.027,9535.762,9487.533,9442.907,9237.367,9172.625,9378.206,9394.288,9064.945,8868.094,8996.599,9216.751,9297.244,9064.039,8723.935,8678.945,8845.727,8942.288,8905.221,8773.2,8685.528,8718.342,8718.15,8587.679,8403.18,8257.457,8233.053,8265.137,8169.553,7960.773,7778.839,7710.33,7785.906,7886.125,7905.683,7929.648,7984.154,7893.104,7670.533,7625.986,7706.96,7522.037,7174.775,7039.643,6977.842,6745.396,6673.349,6983.974,7109.478,6809.772,6709.45,6967.877,7080.613,6922.578,6698.909,6528.311,6459.764,6438.912,6388.736,6269.498,6125.479,6148.199,6338.658,6444.133,6365.207,6143.507,5853.838,5597.055,5528.029,5731.481,6040.865,6261.961,6237.517,5968.323,5622.151,5366.377,5329.132,5419.804,5491.113,5509.752,5473.533,5390.31,5251.546,5031.557,4782.198,4611,4591.558,4718.092,4729.626,4517.715,4455.194,4631.572,4697.865,4562.364,4365.323,4332.173,4578.776,4670.489,4371.826,4129.521,4221.278,4595.919,4847.548,4500.774,4026.097,3945.252,3844.239,3542.878,3532.68,3779.817,3772.368,3653.986,3750.056,3663.471,3208.675,3084.007,3383.189,3398.054,3169.101,3162.881,3332.407,3431.31,3165.263,2718.203,2883.195,3372.259,3246.867,2824.47,2687.086,2716.166,2730.343,2663.429,2597.941,2666.283,2597.521,2191.026,1963.513,2126.713,2242.646,2228.447,2266.36,2199.087,1929.358,1905.771,2158.797,2060.187,1750.577,1789.828,1908.142,1770.85,1568.571,1401.753,1201.964,1197.847,1591.372,1726.786,1341.237"
