"Name","Scan 00839"
"Id","94f2fe62-a574-11f1-ac89-f791b116698a"
"Version","1"
"Firstwavenumber","400"
"LastWavenumber","2300"
"Range","400 - 2300 cm-1"
"Wavelength","785"
"UserName","Default"
"CreatedDate","2026-08-31 15:45:56-04:00"
"ModifiedDate","2026-08-31 15:45:56-04:00"
"ScanNumber","00839"
"HazardLevel","Unknown"
"HazardColor","#d8d8d8"
"SampleHazardType",""
"Comment",""
"ProductId",""
"LotId",""
"BatchId",""
"Container",""
"Supplier",""
"OpName","10S"
"OpVersion","1"
"SmartAcquire","Off"
"IntTime","10.00"
"AutoInt","Off"
"Averages","3"
"LaserPower","5"
"Bdm","Off"
"SmartTipName","Intelligent UA, Bag (Position 2)"
"SmartTipSerialNumber","6075060600901977"
"LibraryMatchResult",""
"MixtureMatchResultCount",""
"SERSResult",""
"VerificationMatchResult",""
"VerificationMatchResultColor","#00ffffff"
"RescanResult",""
"RescanScanNumber",""
"RescanFinished",""
"RescanTotalFailed",""
"ContainerNumber",""
"SerialNumber","192601100702034"
"LastCalibrationDate","2025-12-01 12:10:59-05:00"
"LastSST","Pass, 2025-09-30 09:35:39-04:00"
"DeviceName","MIRA XTR DS 192601100702034"
"FoxCreek","8.0.121"
"NorthFork","1.3.0.107"
"WagonHound","8.2.51"
"Kernel","8.19"
"PackageVersion","8.0.3.60"
"SignatureLevel","Unsigned"
"Intensities","68907.68,68724.48,68954.4,69470.39,70127.3,70774.81,71235.79,71326.08,70878.31,69965.25,68844.28,67775.61,66932.8,66322.93,65934.03,65761.17,65836.95,66206.31,66905.1,67814.15,68682.88,69258.24,69365.07,68990.42,68141.84,66893.6,65700.61,65150.24,65782.31,67301.99,68680.74,68873.61,67468.66,65400.55,63772.7,63476.19,64226.22,65326.93,66111.72,66382.76,66344.32,66212.09,66111.21,65983.65,65749.4,65363.07,64959.05,64729.74,64850.53,65245.72,65642.34,65765.3,65528.78,65190.07,65041.63,65273.48,65617.08,65675.55,65099.68,64114.21,63332.64,63363.7,64284.62,65359.96,65789.09,65071.75,63794.54,62789.12,62783.49,63561.42,64389.5,64549.21,63887.3,62937.71,62273.06,62258.12,62687.95,63260.96,63700.66,63891.11,63783.07,63334.47,62636.12,61900.14,61341.02,61029.77,60753.46,60266.69,59432.08,58607,58289.82,58914.16,60183.85,61332.21,61601.74,60808.16,59547.39,58468.21,58008.26,57982.55,58091.88,58075.87,57934.58,57778.19,57716.96,57865.64,58343.01,59265.15,60521.92,61586.36,61889.19,61066.47,59575.98,58080.59,57184.02,56962.07,57201.85,57690.31,58261.42,58801.13,59198.9,59397.46,59459.19,59462.48,59455.82,59342.65,58982.62,58259.69,57326.13,56503.3,56105.02,56138.55,56231.03,55988.47,55287.07,54672.32,54789.2,56053.3,57685.96,58521.15,57526.77,55209.21,53083.58,52640.53,54113.77,56158.14,57336.53,56866.34,55560.45,54467.69,54396.05,54961.6,55408.44,55073.19,54269.8,53913.22,54888.05,57030.33,58969.29,59278.77,57406.43,54690.02,52708.49,52606.96,53691.62,54778.75,54819.28,53906.82,52729.21,51954.46,51792.18,52014.31,52377.73,52752.39,53203.89,53817.01,54600.63,55315.74,55673.75,55453.29,54856.29,54250.5,53976.41,54024.89,54136.17,54052.34,53739.81,53448.39,53444.01,53777.45,54014.11,53654.72,52403.3,50813.55,49660.22,49607.45,50453.73,51580.51,52392.52,52691.16,52611.66,52298.62,51878,51449.19,51108.91,50902.82,50748.64,50544.7,50248.43,50085.65,50357.56,51295.39,52547.63,53470.89,53459.05,52541.31,51285.95,50269.55,49786.24,49732.59,49975.63,50382.08,50816.71,51144.7,51234.24,50964.09,50216.15,48941.13,47595.07,46858.38,47343.75,48739.27,50052.12,50304.73,49368.18,48121.68,47494.74,47927.18,48919.45,49867.67,50333.74,50403.79,50268.05,50085.83,49852.86,49509.82,49017.96,48531.55,48310.6,48596.01,49285.91,49981.52,50283.04,50083.85,49672.45,49363.12,49336.68,49492.44,49694.29,49808.28,49706.1,49261.13,48412.05,47458.27,46822.67,46867.57,47407.57,47960.84,48073.53,47772.99,47484.09,47629.47,48203.26,48667.23,48456.42,47427.98,46229.29,45591.3,45938.63,46819.63,47628.17,47867.25,47520.14,46704.9,45567.31,44454.07,43797.26,43980.22,44842.76,45876.96,46587.82,46810.26,46687.05,46371.59,45993.99,45653.16,45444.68,45381.93,45317.25,45085.13,44629.16,44207.51,44133.59,44611.84,45381.1,46055.9,46312.55,46216.29,45986.43,45826.48,45788.86,45839.84,45937.55,45922.65,45541.97,44556.68,43177.49,42115.82,42095.72,43227.17,44672.13,45517.86,45325.32,44672.98,44268.75,44558.95,45200.65,45703.16,45679.25,45180.61,44377.07,43451.18,42668.51,42325.19,42659.94,43413.41,44067.52,44144.64,43697.73,43152.7,42920,42970.44,42862.79,42156.25,40917.68,39844.09,39661.27,40579.81,41965.19,43108.7,43581.67,43563.04,43310.95,43004.17,42592.18,41983.16,41160.5,40401.54,40054.36,40367.55,41073.52,41737.11,41992.59,41952.68,41935.38,42220.8,42730.73,43187.93,43330.45,43113.29,42645.55,42042.47,41484.6,41210.96,41449.61,42080.58,42591.4,42460.38,41612.48,40602.82,40027.79,40147.61,40630.35,41085.85,41263.17,41217.2,41043.46,40833.51,40668.64,40628.05,40732.09,40796.67,40594.05,39992.31,39275.11,38838.29,38984.1,39512.06,40051.96,40285.85,40242.14,40093.45,39993.45,39936,39834.29,39606.48,39227.71,38707.8,38067.37,37469.9,37182.08,37448.28,38095.44,38593.03,38424.88,37627.18,36792.44,36521.99,37004.27,37941.34,39009.32,39913.47,40398.57,40218.37,39452.94,38702.87,38608.2,39347.25,40246.2,40544.23,39877.83,38729.8,37689.18,37143.53,36986.97,37039.49,37152.73,37266.63,37336.84,37332.71,37267.47,37163.22,37051.84,37001.92,37090.28,37334.87,37504.64,37303.53,36561.02,35704.87,35340.37,35916.77,37050.32,38078.66,38438.85,38158.18,37484.99,36667.52,35957.39,35606.95,35815.97,36393.43,36970.32,37214.84,37103.26,36765.7,36334.42,35956.09,35784.86,35948.89,36314.54,36595.06,36538.7,36298.14,36280.37,36843.07,37704.38,38152.65,37538.73,36126.7,34833.45,34525.03,35168.94,36052.94,36489.7,36408.02,36227.39,36349.89,36675.44,36685.14,35888.9,34518.15,33431.79,33460.16,34539.61,35799.43,36377.45,36109.89,35484.39,34996.81,34825.26,34843.04,34911.1,34878.24,34581.36,33872.13,32942.05,32322.45,32531.51,33470.65,34415.67,34640.08,33972.66,32811.01,31575.08,30636.14,30315.44,30909.66,32201.72,33445.04,33899.53,33507.29,32910.83,32761.43,33211.37,33904.79,34471.97,34723.7,34652.28,34262.66,33665.1,33074,32699.52,32580.35,32589.27,32596.73,32558.78,32512.1,32495,32517.43,32563.52,32618.23,32699.43,32854.09,33126.69,33502.95,33918.71,34307.24,34581.92,34640.04,34391.43,33938.41,33532.45,33409.54,33544.63,33720.51,33729.71,33538.42,33233.64,32903.48,32623.45,32460.76,32470.78,32584.45,32656.69,32564.77,32413.79,32438.42,32830.56,33389.83,33709.2,33456.23,32912,32655.38,33149,33997.46,34423.71,33793.69,32418.53,30992.69,30124.31,29913.35,30272.47,31079.39,32025.18,32739.86,32939.53,32745.21,32397.65,32103.74,31930,31905.73,32034.62,32224.75,32362.16,32362.62,32238.95,32023.9,31744.06,31408.67,31023.79,30616.31,30265.83,30059.8,30051.7,30219.94,30532.92,30942.78,31326.48,31539.55,31491.08,31303.58,31152.78,31157.5,31240.74,31283.39,31210.31,31076.53,30961.02,30914.59,30916.79,30936.08,30943.28,30914.29,30826.12,30695.56,30612.84,30674.3,30876.99,31062.66,31063.3,30847.63,30565,30371.89,30287.26,30177.18,29908.86,29528.65,29249.26,29273.09,29559.45,29880.01,30026.67,30071.41,30264.17,30812.27,31528.51,32021.76,31962.48,31446.64,30747.2,30118.48,29716.27,29663.56,30020.56,30589.21,31105.35,31387.67,31518.1,31630.57,31761.41,31705.82,31224.96,30334,29535.83,29378.41,29906.22,30411.43,30149.53,29097.78,28072.3,27894.11,28600.88,29524.66,30014.36,29943.61,29549.3,29064.1,28622.05,28305.26,28188.69,28305.88,28674.09,29251.89,29728.86,29718.18,29042.97,28216.92,27893.83,28424.86,29442.51,30476.76,31175,31387.32,30990.74,30103.25,29148.27,28552.51,28424.23,28576.38,28816.79,29025.2,29129.74,29074.09,28918.61,28779.57,28751.88,28813.84,28904.87,28973.61,29002.31,28980.91,28892.18,28701.31,28372,27963.25,27696.87,27803.55,28294.86,28921.84,29428.68,29694.48,29709.95,29480.85,29128.11,28838.05,28776.65,28981.04,29439.25,30080.55,30601.58,30642.31,30061,29273.09,28777.8,28809.62,29158.77,29574.99,29860.86,29878.04,29510.87,28920.59,28474.63,28498.45,28938.84,29558.63,30104.62,30250.21,29646.63,28222.22,26741.87,26122.25,26732.9,27910.14,28888.64,29324.03,29380.1,29247.54,29066.8,28939.51,28950.62,29058.15,29158.46,29158.44,29016.38,28705.81,28275.96,27986.32,28129.4,28766.12,29568.34,30178.37,30426.65,30338.82,29955.21,29380.45,28760.27,28229.82,27855.03,27675.51,27701.89,27844.39,27991.74,28082.93,28157.5,28266.36,28438.71,28677.95,28984.68,29341.99,29720.54,30071.93,30221.08,29940.49,29135.78,28199.32,27633.01,27690.93,28124.4,28626.33,28968.71,29015.96,28664.16,28137.61,27882.67,28254.66,29025.88,29748.16,30071.31,29961.33,29449.28,28705.36,28142.67,28178,28764.62,29400.94,29616.79,29417.34,29067.65,28803.55,28712.58,28839.24,29181.75,29627.94,30049.37,30312.77,30278.71,29826.73,29091.9,28389.06,27997.93,27964.2,28246.84,28771.51,29365.96,29840.98,30078.8,30070.69,29821.03,29397.71,28920.39,28510.24,28287.48,28372.02,28800.16,29332.8,29676.01,29682.64,29446.89,29085.5,28715.51,28454.21,28405.29,28574.73,28926.21,29365.41,29608.57,29338.39,28602.3,28029.77,28253.18,29100.9,29750.91,29522.14,28770.66,28265.23,28495.63,29131.57,29698.42,29960.09,30014.79,29981.12,29917.02,29838.41,29735.69,29469.61,28859.34,27964.89,27410.02,27872.62,29257.36,30606.29,31010.61,30436.47,29318.43,28119.64,27393.04,27706.86,29080.67,30598.77,31300.9,30998.45,30124.44,29114.79,28313.9,28032.58,28423.06,29240,30175.9,30908.18,31097.22,30488.75,29596.04,29333.49,30201.59,31224.1,31115.62,29637.86,28145.28,28009.85,29095.32,30225.35,30468.85,30155.71,29984.57,30290.19,30701.98,30790.84,30531.6,30244.92,30207.08,30361.9,30531.35,30600.8,30604.91,30598.79,30617.17,30674.27,30771.58,30827.71,30725.72,30416.83,30035.23,29742.45,29610.1,29609.53,29705.78,29856.16,30014.26,30142,30225.5,30256.52,30267.51,30338.56,30539.13,30829.36,31116.28,31318.32,31388.63,31289.45,31072.47,30893.37,30879.41,30886.51,30642.37,30061.84,29583.55,29718.09,30446.41,31170.09,31341.72,30996.49,30422.35,29872.46,29509.25,29477.19,29822.58,30496.19,31406.88,32235.27,32577.57,32333.4,32046.42,32297.57,32905.83,33064.85,32212.04,31063.84,30716.33,31526.22,32588.69,32954.86,32636.48,32272.23,32345.93,32730.31,33158.12,33371.35,33124.3,32254.97,31279.91,31046.48,31931.81,33074.93,33455.56,32958.17,32325.84,32201.33,32488.52,32842.45,33010.11,32904.51,32478.35,31952.12,31721.3,32036.42,32633.27,33139.66,33314.27,33070.59,32377.78,31523.31,30927.08,30864.76,31304.12,32158.83,33133.59,33777.39,33792.57,33493.32,33334.84,33474.32,33691.45,33750.87,33488.06,32769.88,31653.14,30599.75,30100.7,30309.48,31134.72,32385.04,33526.93,33966.01,33685.18,33339.46,33498.91,33960.06,34225.18,34050.5,33660.52,33320.18,33183.04,33335.09,33769.02,34210.29,34351.3,34199.78,34053.84,34144.21,34341.95,34419.09,34303.54,34134.6,34042.38,33982.07,33834.33,33609.13,33571.49,33978.91,34665.2,35199.84,35297.77,35100.64,34821.83,34604.52,34531.07,34659.11,34953.08,35350.78,35697.91,35732.31,35274.16,34649.14,34355.91,34536.65,34779.12,34689.88,34405.55,34310.73,34575.18,34930.47,35086.58,35096.85,35222.39,35572.57,35855.61,35742.41,35308.29,34934.4,34892.32,35069.16,35276.21,35379.12,35293.36,34996.66,34709.36,34703.63,34989.7,35292.64,35383.41,35326.38,35273.05,35330.12,35547.81,35935.02,36288.69,36335.45,36014.79,35569.65,35249.05,35186.51,35467.74,36008.42,36457.06,36503.71,36308.45,36231.96,36381.7,36433.3,36088.27,35575.83,35367,35662.13,36174.05,36578.53,36669.57,36300.16,35587.61,35134.01,35487.04,36305.87,36818.31,36685.82,36376.28,36386.01,36725.73,37171.24,37528.31,37660.37,37469.08,37109.14,36852.45,36845.52,37017.21,37270.94,37483.52,37521.67,37386.35,37293.63,37434.52,37703.87,37879.05,37846.56,37652.79,37371.84,37163.52,37213.43,37492.59,37693.92,37586.14,37411.81,37548.17,37985.04,38276.13,38091.8,37692.57,37482.22,37612.57,37994.72,38495.96,38868.31,38860.05,38560.39,38328.39,38371.94,38463.87,38333.87,38069.6,37986.74,38234.61,38597.03,38838.43,38964.23,39099.11,39275.5,39371.56,39289.57,39170.54,39239.16,39461.95,39480.51,39059.22,38598.66,38647.3,39163,39549.87,39431.76,39185.71,39293.47,39704,40004.63,39980.26,39859.98,39894.88,40042.82,40124.1,40096.94,40127.71,40345.41,40597.04,40648.67,40504.64,40413.8,40560.65,40879.38,41249.38,41511.02,41478.55,41132.92,40804.66,40808.23,41014.35,41102.64,40964.11,40773.1,40672.14,40580.99,40370.15,40092.73,39955.46,40062.37,40245.66,40317.73,40290.05,40275.12,40309.31,40313.61,40229.21,40138.31,40158.59,40285.66,40406.42,40426.48,40310.79,40050.87,39786.43,39730.56,39939.49,40241.11,40460.73,40494.72,40272.42,39947.72,39856.61,40146.71,40523.64,40676.11,40619.71,40510.15,40406.52,40250.04,40039.41,39996.93,40356.32,40915.61,41197.28,41035.57,40809.67,40857.5,41029.27,41035.93,40868.63,40763.61,40853.91,41010.12,41082.71,41047.73,40936.22,40815.26,40792.48,40914.21,41032.02,40984.35,40836.88,40776.13,40865.96,40997.37,41079.57,41140.5,41232.46,41363.49,41512.71,41641.25,41681.88,41592.95,41458.34,41390.91,41419.34,41510.74,41616.05,41659.82,41588.53,41470.33,41406.29,41430.56,41524.92,41649.54,41726.36,41702.32,41673.33,41771.46,41954.44,42042.86,41967.53,41875.96,41898.66,41960.87,41934.54,41841.48,41816.77,41901.91,41965.54,41903.1,41814.67,41846.92,41995.23,42150.11,42232.16,42213.79,42089.82,41924.66,41797.59,41760.13,41845.72,42018.03,42146.2,42146.11,42106.67,42137.41,42229.57,42317.73,42377.01,42427.64,42480.23,42515.71,42515.11,42488.36,42456.54,42444.54,42480.18,42566.04,42657.71,42710.06,42697.38,42605.61,42491.74,42454.75,42521.42,42622.61,42693.37,42700.62,42629.27,42549.13,42560.92,42674.75,42819.38,42921.6,42910.3,42755.18,42596.63,42597.9,42699.8,42719.91,42633.14,42602.44,42716.95,42856.6,42898.59,42881.33,42892.42,42941.76,42984,42988.08,42945.16,42857,42751.47,42660.82,42613.22,42633.12,42709.34,42802.26,42883.79,42945.32,42983.04,43003,43014,43029.98,43065.76,43114.2,43150.39,43171.14,43208.55,43280.7,43351.79,43380.35,43358.05,43292.3,43227.59,43236.1,43335.2,43461.81,43555.66,43582.3,43524.86,43440.31,43403.26,43389.45,43312.45,43197.02,43203.36,43388.67,43561.57,43560.02,43496.11,43532.95,43631.43,43654.19,43574.87,43470.43,43410.38,43445.14,43584.62,43721.42,43745.56,43660.76,43511.7,43347.07,43217.75,43159.01,43188.39,43290.67,43388.71,43427.12,43452.33,43511.85,43514.7,43334.98,43113.16,43165.15,43494.96,43737.91,43691.59,43518.6,43392.96,43377.35,43494,43662.26,43767.52,43763.36,43650.83,43508.84,43497.13,43638.86,43711.44,43565.9,43343.09,43205.58,43156.59,43154.39,43203.21,43327.07,43475.16,43535.53,43488.03,43437.88,43453.92,43508.32,43564.38,43598.27,43593.41,43559.45,43514.66,43468.16,43424.96,43411.94,43473.96,43586.02,43626.97,43537.5,43403.61,43309.94,43274.6,43296.45,43344.86,43382.53,43398.97,43398.18,43394.43,43408.51,43421.73,43371.05,43257.23,43192.68,43235.81,43281.07,43238.18,43174.18,43173.58,43199.65,43182.41,43153.99,43194.77,43281.44,43312.34,43267.06,43216.98,43189.61,43136.27,43042.5,42985.9,43018.44,43067.48,43058.32,43027.59,43032.72,43045.63,43008.8,42937.19,42886.39,42868.39,42858.96,42833.95,42770.87,42677.19,42605.37,42601.05,42687.89,42848.06,42954.73,42907.02,42780.56,42673.6,42573.85,42451.11,42416.43,42611.82,42830.46,42687.04,42275.05,42049.86,42101.17,42142.06,42057.27,41977.6,42004.75,42162.88,42396.16,42492.09,42316.07,42009.54,41746.55,41644.4,41756.45,41895.28,41857.75,41774.43,41854.77,41945.53,41764.38,41462.55,41413.98,41552.07,41510.68,41303.22,41271.04,41444.34,41516.01,41410.3,41366.7,41453.18,41443.09,41278.32,41257.32,41480.63,41527.29,41164.81,40842.52,40923.99,41151.27,41219.68,41107.68,40881.84,40705.8,40719.24,40793.89,40745.46,40582.23,40385.68,40238.7,40209.84,40240.92,40225.54,40205.23,40288.35,40387.62,40309.52,40113.76,40026.98,40047.92,40001.89,39885.73,39841.62,39833.63,39661.48,39386.96,39341.72,39554.86,39704.75,39677.73,39633.91,39603.77,39430.38,39151.6,39090.55,39285.17,39321.93,39065.63,38873.82,38884.6,38804.2,38552.33,38484.86,38698.19,38746.74,38463.49,38302.79,38465.91,38541.66,38318.11,38107.74,38110.05,38178.13,38164.46,38003.77,37718.82,37490.05,37441.8,37545.23,37706.57,37739.75,37573.66,37387.04,37264.78,37051.61,36713.15,36497.2,36511.96,36548.49,36492.93,36462.7,36493.79,36442.16,36276.45,36178.17,36197.58,36150.42,35958,35728.9,35588.67,35659.4,35838.35,35741.64,35387.89,35292.05,35511.86,35572.36,35392.75,35316.54,35381.08,35323.41,35056.63,34664.59,34346.88,34356.86,34511.18,34366,34051.75,34012.34,34156.39,34130.46,33942.13,33754.59,33546.05,33241.99,32941.42,32783.45,32771.71,32836.79,32781.69,32492.81,32303.15,32447.67,32520.01,32240.88,32002.96,32056.42,32090.6,31891.41,31566.78,31291.79,31283.16,31449.52,31312.6,30876.9,30672.65,30768.85,30816.8,30729.2,30608.56,30416.88,30071.05,29826.82,29995.16,30200.81,29965.08,29598.16,29492.86,29449.36,29235.37,28931.24,28653.28,28470,28381.04,28278.44,28153.56,28141.25,28169.7,27958.81,27638.45,27633.16,27735.95,27421.34,26913.35,26707.87,26738.58,26762.83,26661.53,26427.1,26295.14,26369.41,26350.43,26064.75,25642.86,25251.04,25053.5,25006.03,24896.37,24790.71,24891.44,24953.36,24643.66,24358.11,24502.3,24559.49,24085.44,23409.16,22919.98,22874.16,23102.35,22936.28,22487.02,22533.45,22833.98,22611.22,22183.36,22157.38,22120.75,21651.66,21286.68,21359.74,21371.57,21072.58,20726.7,20572.88,20749.4,20949.38,20670.39,20142.47,19837.48,19831.73,19988.8,19887.93,19383.16,18931.22,18758.48,18724.54,18643.54,18352.63,18061.08,18073.52,18163.71,18070.13,17982.58,17976.5,17728.54,17279.79,17152.99,17237.56,16974.35,16563.15,16473.5,16571.86,16589.54,16407.12,16060.54,15802.54,15683.76,15529.11,15363.01,15310.36,15233.73,14979.74,14726.21,14628.5,14630.99,14631.95,14514.96,14305.87,14119.61,13919.11,13638.03,13372.62,13218.33,13173.68,13145.48,12956.89,12707.89,12648.25,12544.61,12140.27,11905.7,12076.7,12054.71,11704.94,11518.91,11449.28,11153.91,10850.72,10805.93,10781.93,10639.33,10555.91,10465.57,10108.37,9777.267,9863.672,9929.535,9629.946,9319.588,9193.485,9144.052,9074.625,8938.248,8857.546,8894.915,8798.594,8501.358,8257.935,8151.864,8120.714,8110.313,8081.532,8025.954,7864.472,7430.255,7007.55,7104.841,7293.193,7054.107,6772.078,6682.818,6547.064,6354.433,6280.841,6356.47,6475.998,6320.047,5854.938,5480.098,5359.779,5450.283,5596.945,5633.534,5458.761,5129.286,4857.16,4661.667,4484.309,4429.221,4450.873"
