"Name","Scan 00785"
"Id","621d4bda-a567-11f1-ac89-f791b116698a"
"Version","1"
"Firstwavenumber","400"
"LastWavenumber","2300"
"Range","400 - 2300 cm-1"
"Wavelength","785"
"UserName","Default"
"CreatedDate","2026-08-31 14:11:27-04:00"
"ModifiedDate","2026-08-31 14:11:27-04:00"
"ScanNumber","00785"
"HazardLevel","Unknown"
"HazardColor","#d8d8d8"
"SampleHazardType",""
"Comment",""
"ProductId",""
"LotId",""
"BatchId",""
"Container",""
"Supplier",""
"OpName","20S"
"OpVersion","1"
"SmartAcquire","Off"
"IntTime","20.00"
"AutoInt","Off"
"Averages","3"
"LaserPower","5"
"Bdm","Off"
"SmartTipName","Intelligent UA, Bag (Position 2)"
"SmartTipSerialNumber","6075060600901977"
"LibraryMatchResult",""
"MixtureMatchResultCount",""
"SERSResult",""
"VerificationMatchResult",""
"VerificationMatchResultColor","#00ffffff"
"RescanResult",""
"RescanScanNumber",""
"RescanFinished",""
"RescanTotalFailed",""
"ContainerNumber",""
"SerialNumber","192601100702034"
"LastCalibrationDate","2025-12-01 12:10:59-05:00"
"LastSST","Pass, 2025-09-30 09:35:39-04:00"
"DeviceName","MIRA XTR DS 192601100702034"
"FoxCreek","8.0.121"
"NorthFork","1.3.0.107"
"WagonHound","8.2.51"
"Kernel","8.19"
"PackageVersion","8.0.3.60"
"SignatureLevel","Unsigned"
"Intensities","82704.52,82663.63,82685.33,82753.23,82849.41,82951.98,83020.63,83009.79,82877.13,82624.71,82288.91,81906.8,81520.18,81180.16,80938.7,80839.38,80882.34,81053.33,81335.84,81672.68,81972.16,82142.15,82123.27,81924.45,81563.2,81078.07,80628.42,80415.6,80623.59,81130.98,81548.04,81479.11,80780.82,79846.4,79136.23,79019.45,79359.51,79843.07,80169.8,80246.5,80157.55,79992.58,79812.88,79622.63,79419.12,79204.32,79004.91,78855.52,78787.43,78782.61,78784.18,78734.96,78617.84,78488.42,78409.73,78417.69,78426.68,78317.06,77984.62,77510.63,77102.15,76964.57,77129.45,77362.68,77408.78,77105.16,76625.23,76218.16,76102.51,76217.73,76350.47,76291.66,75996.98,75622.43,75335.23,75241.3,75278.36,75355.63,75389.52,75342.38,75195.64,74933.7,74596.06,74272.58,74053.98,73960.23,73871.18,73650.72,73215.72,72725.4,72408.11,72465.77,72804.07,73137.63,73184.05,72867.66,72393.94,71987.58,71797.3,71747.95,71723.38,71624.15,71463.77,71303.47,71203.13,71200.61,71313.98,71559.95,71892.67,72150.93,72161.88,71816.8,71263.99,70715.77,70363.83,70215,70174.99,70150.94,70103.98,70055.12,70028.26,70030.99,70034.22,70003.91,69910.22,69742.76,69497.2,69173.16,68815.98,68499.78,68296.59,68205.18,68133.24,67983.47,67720.91,67465.14,67358.71,67492.22,67685.75,67671.65,67215.31,66463.57,65813.21,65654.17,66038.46,66593.7,66922.79,66798.27,66406.05,65993.27,65757.62,65652.85,65556.44,65362.05,65135.04,65046.29,65259.87,65712.35,66078.37,66020.86,65420.6,64629.66,64060.17,64007.28,64269.98,64515.17,64448.16,64100.67,63674.14,63364.13,63230.75,63204.87,63212.9,63215.63,63233.36,63292.21,63397.08,63483.72,63474,63307.62,63036.37,62756.02,62555.59,62438.34,62345.99,62220.63,62053.62,61898.84,61813.65,61804.63,61763.65,61567.37,61143.3,60631.63,60227.9,60101.11,60213.24,60426.47,60606.86,60686.5,60653.2,60497.24,60244.42,59971.8,59759.93,59650.3,59586.5,59497.24,59337.53,59181.23,59135.7,59286.88,59542.71,59722.04,59653.88,59342.7,58941.72,58606.45,58411.72,58318.88,58280.87,58260.7,58244.98,58223.81,58180.2,58067.59,57831.93,57439.68,57007.7,56719.58,56741.67,57004.11,57263.18,57278.42,57008.9,56650.68,56411.73,56394.35,56497.96,56599.43,56608.32,56537.65,56420.94,56286.59,56135.88,55960.97,55758.04,55561.16,55425.18,55400.92,55467.49,55541.82,55540.59,55437.54,55283.39,55133.91,55022.57,54935.93,54854.54,54760.16,54638.5,54476.07,54267.21,54049.29,53874.4,53786.8,53760,53729.15,53633.94,53491.01,53380.51,53381.45,53476.03,53526.31,53388.58,53032.37,52639.38,52413.69,52469.02,52660.47,52797.56,52730.12,52485.68,52141.57,51775.15,51466.52,51296.8,51334.96,51514.71,51683.24,51693.64,51533.37,51315.29,51154.8,51092.94,51070.51,51021.71,50905.91,50731.57,50512.82,50275.58,50080.05,49992.29,50052.33,50188.82,50300.72,50302.74,50208.81,50072.14,49943.2,49846.38,49791.16,49783.59,49777.68,49685.89,49424.21,49031.11,48681.45,48554.11,48687.69,48904.32,49008.96,48902.41,48691.34,48508.68,48443.16,48450.33,48460.75,48416.35,48306.88,48135.04,47910.98,47690.89,47548.19,47544.29,47636.53,47728.18,47728.66,47628.35,47474.61,47313.75,47150.76,46951.95,46683.89,46372.55,46117.54,46021.49,46108.62,46274.49,46403.45,46428.3,46386.99,46331.21,46288.59,46217.3,46063.05,45801.96,45528.64,45366.27,45404.6,45560.03,45692.65,45683.72,45560.01,45410.75,45316.36,45274.52,45236.76,45157.24,45027.71,44866.72,44693.72,44537.03,44432.86,44415.41,44456.81,44459.16,44323.29,44047.16,43765.68,43622.51,43668.46,43790.87,43861.16,43805.05,43667.7,43509.96,43381.05,43298.22,43273.13,43301.51,43323.52,43267.48,43087.92,42852.8,42660.76,42589.09,42600.76,42620.11,42582.74,42498.86,42409.81,42350.93,42307.5,42239.54,42110.63,41923.63,41705.22,41482.88,41292.24,41174.79,41167.66,41231.23,41260.15,41152.12,40914.9,40667.1,40528.94,40533.9,40613.22,40693.13,40723.3,40685.45,40564.34,40382.1,40220.51,40165.73,40237.11,40330.68,40329.98,40179.5,39953.67,39743.26,39606.51,39522.19,39457.09,39386.87,39312,39237.32,39166.29,39097.98,39030.57,38963.21,38898.66,38840.48,38787.41,38717.52,38603.6,38430.94,38244.87,38108.51,38070.1,38098.64,38136.6,38133.94,38085.09,38001.11,37893.96,37781.84,37685.46,37622.36,37586.84,37562.57,37533.78,37489.23,37419.97,37319.72,37206.56,37111.73,37062.5,37045.12,37021.86,36959.38,36875.92,36822.09,36842.1,36897.38,36893.66,36745.42,36493.29,36268.09,36193.09,36259.76,36359.79,36389.01,36340.16,36283.25,36285.12,36327.19,36319.6,36177.1,35931.66,35717.13,35663.27,35763.79,35889.62,35913.07,35814.95,35677.24,35582.58,35551.33,35544.13,35520.21,35458.1,35355.23,35211.21,35057.14,34955.59,34967.02,35074.73,35183.78,35198.82,35091.78,34903.39,34677.76,34467.5,34334.07,34335.62,34446.29,34553.65,34545.68,34408.09,34226.9,34089.73,34020.43,33977.89,33919.26,33826.48,33706.39,33567.21,33424.3,33300.13,33216.24,33169.37,33132.27,33077.96,33004.03,32931.24,32880.26,32853.94,32838.86,32821.35,32793.96,32754.73,32702.38,32644,32593.79,32564.95,32551.05,32529.71,32479.86,32406.54,32334.94,32289.15,32271.4,32267.75,32263.85,32243.47,32189.16,32086.87,31962.53,31868.22,31850.2,31888.37,31922.09,31896.91,31823.49,31749.56,31717.14,31714.17,31700.13,31641.12,31558.58,31500.78,31506.25,31541.45,31540.7,31449.8,31290,31113.16,30966.65,30871.58,30839.33,30874.07,30941.74,30995.71,30998.47,30955.29,30884.13,30802.58,30726.73,30672.26,30650.02,30652.81,30669.27,30685.37,30678.35,30623.68,30510.02,30363.95,30218.76,30099.44,30009.99,29951.1,29919.48,29902.94,29888.12,29862.83,29820.08,29754.35,29667.71,29592.53,29568.67,29615.19,29679.25,29692.62,29614.72,29486.93,29365.65,29291.58,29265.71,29282.79,29328.53,29369.01,29368.11,29313.76,29238.33,29178.54,29149.74,29133.82,29110.11,29070.29,29022.34,28975.12,28931.99,28890.2,28846.76,28800.89,28753.8,28706.74,28660.26,28614.42,28570.21,28540.03,28543.43,28595.73,28673.88,28735.07,28741.59,28691.09,28595.99,28473.15,28363.06,28313.92,28354.71,28435.32,28485.41,28459.26,28389.47,28324.14,28290.53,28264.57,28214.64,28133.67,28061.72,28043.4,28083.45,28127.06,28116.54,28051.38,27997.56,28021.15,28120.79,28234.33,28301.53,28312.56,28292.53,28266.9,28258.25,28287.71,28372.47,28505.38,28669.73,28843.89,28983.65,29038.43,28985.23,28891.93,28844.81,28890.19,28979.47,29050.57,29061.24,29003.51,28873.53,28694.04,28521.55,28411.78,28363.54,28322.8,28238.18,28114.59,27994.82,27916.61,27872.1,27831.55,27771.88,27706.26,27660.04,27650.31,27664.18,27681.99,27688.53,27679.59,27652.77,27615.5,27592.01,27607.31,27659.78,27716.07,27742.18,27722.6,27657.15,27548.31,27420.1,27308.75,27243.1,27205.55,27160.9,27082.23,26975.62,26855.24,26731.87,26607.53,26482.98,26369.46,26295.77,26290.77,26338.72,26373.93,26333.33,26227.99,26124.21,26082.19,26102.36,26156.15,26212.32,26227.5,26154.66,25981.91,25803.5,25732.87,25807.7,25922.49,25958.55,25883.39,25768.61,25688.31,25660.97,25662.09,25667.69,25667.02,25655.81,25632.3,25606.55,25592.04,25598.39,25624.42,25667.03,25716.22,25750.44,25748,25711.24,25667.39,25641.78,25624.46,25582.93,25492.65,25380.32,25292.12,25258.51,25254.91,25244.98,25208.65,25158.5,25110.78,25073.79,25046.38,25026.52,25007.67,24980.13,24935.55,24875.34,24804.91,24730.59,24661.84,24608.83,24576.51,24559.32,24550.2,24536.09,24496.86,24415.62,24320.77,24271.3,24312.89,24406,24478.86,24480.74,24428.62,24353.12,24285.44,24257.84,24300.65,24398.65,24491.89,24525,24503.16,24464.66,24442.28,24441.76,24460.99,24493.76,24524.16,24535.03,24516.96,24470.49,24397.69,24312.39,24236.66,24188.83,24163.67,24147.22,24129.52,24112.49,24100.15,24089.96,24069.41,24026.64,23973.87,23942.97,23959.23,23998.06,24013.77,23981.26,23943.58,23957.17,24030.4,24092.69,24070.74,23973.63,23880.77,23862.05,23903.36,23954.2,23975.15,23963.76,23925.29,23876.85,23854.35,23891.89,23966.05,24006.9,23958.73,23866.8,23816.62,23856.63,23926.67,23948.04,23903.06,23859.51,23885.05,23962.72,24016.81,23986.88,23899.07,23807.8,23754.93,23752.71,23808.42,23906.98,24008.43,24073.54,24082.67,24026.64,23913.79,23819.02,23832.24,23969.73,24122.18,24174.46,24117.15,24026.03,23968.91,23951.57,23957,23972.32,23995.13,24024.21,24046.04,24033.11,23964.41,23883.73,23868.75,23960.19,24067.12,24071.07,23947.05,23812.36,23786.54,23863.69,23951.37,23975.92,23960.79,23957.83,23990.53,24027.44,24032.84,24007.52,23983.56,23989.09,24022.67,24072.01,24126.44,24179.16,24224.18,24261.22,24295.81,24331.88,24360.48,24367.17,24347.92,24326.7,24331.41,24368.93,24422.7,24475.79,24518.07,24542.65,24547.98,24547.95,24558.79,24582.2,24602.96,24607.56,24604.77,24614.17,24643.34,24664.66,24645.12,24584.69,24521.7,24491.64,24490.01,24493.38,24486.28,24475.68,24472.16,24478.54,24489.11,24498.05,24502,24498.64,24491.84,24500.92,24546.63,24628.76,24726.66,24819.8,24894.04,24937.6,24951.67,24964.81,25006.79,25068.75,25110.11,25102.55,25082.13,25103.99,25183.28,25266.83,25299.52,25283.21,25256.96,25250.84,25259.34,25268.76,25263.47,25225.37,25141.88,25047.19,24998.28,25020.17,25053.74,25029.2,24941.45,24846.81,24793.79,24774.72,24763.04,24740.84,24705.9,24658.31,24606.76,24565.54,24545.65,24546.38,24564.26,24589.79,24606.38,24600.34,24581.08,24567.57,24572.51,24595.15,24633.18,24686.06,24754.58,24833.22,24891.92,24895.87,24857.74,24850.27,24932.03,25032.08,25023.64,24864.43,24693.21,24661.7,24773.83,24926.23,25028.26,25045.52,24958.24,24806.32,24699.05,24726.85,24836.76,24921.27,24922.82,24876.01,24823.44,24787.06,24776.27,24794.17,24826.2,24854.87,24868.87,24862.63,24836.12,24813.84,24826.6,24874.57,24916.31,24914.84,24886.05,24868.65,24884.14,24920.02,24961.14,25007.91,25070.41,25147.17,25203.65,25202.28,25157.71,25129.93,25163.04,25229.94,25286.04,25305.68,25285.47,25228.21,25164.67,25135.05,25146.93,25157.28,25128.34,25099.04,25143.99,25279.16,25401.46,25405.77,25322.33,25263.38,25290.38,25329.85,25292.83,25181.77,25068.28,25009.11,25006.37,25049.85,25104.08,25110.44,25032.35,24925.7,24867.77,24882.52,24935.88,24992.85,25028.63,25022.35,24987.65,24981.66,25046.97,25128.17,25136.74,25047.37,24924.9,24836.98,24823.59,24913.08,25080.49,25217.05,25228.27,25175.97,25188.62,25301.88,25393.3,25347.83,25228.04,25177.99,25259.57,25386.64,25465.74,25471.1,25409.65,25310.88,25245.2,25277.11,25384.12,25501.37,25580.95,25606.99,25573.88,25531.07,25554.27,25660.01,25757.79,25758.12,25668.46,25541.71,25432.12,25395.6,25474.71,25612.96,25711.09,25731.25,25734.51,25780.9,25863.54,25948.68,26004.65,26003.04,25929.04,25845.26,25840.03,25912.88,25948.22,25858.98,25740.01,25738.23,25862.26,25964.98,25934.64,25843.7,25809.69,25879.07,26030.46,26228.4,26399.2,26466,26434.73,26376.95,26347.79,26352.31,26386.84,26444.56,26516.64,26594.9,26672.67,26743.26,26798.3,26828.66,26828.21,26795.82,26736.25,26687.27,26697.64,26756.66,26778.88,26705.04,26613.46,26615.36,26713.56,26809.3,26833.74,26824.12,26834.74,26875.07,26924.11,26971.61,27031.86,27116.9,27195.2,27215.47,27190.85,27231.16,27418.4,27649.27,27767.18,27768.53,27806.84,27983.06,28200.71,28331.32,28358.64,28343.31,28321.64,28275.73,28186.39,28075.13,27980.65,27908.99,27822.54,27690.84,27527.57,27358.76,27218.6,27148.09,27156.45,27172.17,27123.24,27044.34,27023.71,27077.51,27113.13,27058.81,26984.7,26997.28,27092.12,27166.08,27147.6,27056.7,26931.01,26833,26836.6,26941.32,27038.64,27035.59,26946.8,26817.69,26710.98,26703.4,26819.57,26964.3,27037.88,27029.71,26968.27,26883.85,26808.72,26775.85,26819.54,26966.23,27146.92,27232.49,27180.31,27098.54,27084.06,27099.47,27069.37,27000.2,26970.04,27022.34,27113.23,27189.48,27221.02,27189.02,27116.73,27075.08,27108.11,27169.47,27203.12,27224.27,27285.61,27380.36,27418.36,27339.78,27223.81,27175.52,27214.3,27304.02,27403.96,27467.52,27461.9,27418.29,27383.75,27378.19,27401.54,27435.81,27431.38,27354.66,27266.67,27252.74,27326.75,27446.71,27564.62,27624.18,27587.16,27512.13,27484.12,27520.58,27585.59,27652.79,27716.93,27768.89,27769.35,27675.83,27538.17,27475.74,27520.83,27546.6,27454.59,27351.7,27390.8,27562.43,27744.63,27846.84,27832.71,27700.96,27568.62,27566.69,27660.5,27717.55,27684.26,27616.55,27571.78,27585.98,27683.04,27820.84,27926.06,27962.12,27933.26,27857.84,27783.92,27760.01,27808.11,27935.87,28073.71,28087.76,27961.46,27898.93,28050.43,28229.22,28185.68,27980.56,27862.07,27926.71,28067.56,28183.68,28232.45,28190.71,28097.65,28017.02,27980.62,27991.36,28032.53,28052.48,28019.04,27998.44,28068.94,28170.4,28166.63,28042.78,27928.69,27911.47,27951.58,27998.98,28051.68,28121.87,28191.84,28222.91,28196.57,28123.84,28024.59,27937.93,27903.75,27942.98,28065.02,28215.43,28289.51,28252.04,28179.77,28136.75,28114.3,28095.63,28108.19,28192.38,28291.96,28272.78,28131.66,28076.44,28237.13,28439.12,28482.79,28399.31,28308.9,28273.27,28307.98,28392.84,28457.73,28459.79,28443.07,28453.83,28465.8,28432.63,28370.33,28335.08,28342.54,28358.53,28361.79,28366.71,28389.44,28432.83,28493.12,28540.76,28534.98,28476.2,28403.15,28359.46,28394.24,28524.77,28670.38,28747.51,28763.26,28750.59,28667.61,28429.68,28104.25,27928.66,28026.6,28282.62,28551.69,28683.18,28563.93,28335.71,28227.31,28269.73,28357.66,28426.44,28462.51,28468.77,28475.05,28505.3,28551.62,28597.86,28619.77,28593.45,28536.72,28494.09,28495.99,28556.67,28631.35,28573.57,28327.54,28133.6,28208.7,28375.77,28371.24,28271.63,28316.41,28470.3,28469.75,28262.34,28087.34,28103.23,28251.62,28442.68,28575.03,28567.16,28470.26,28376.85,28311.41,28260,28223.76,28217.53,28247.28,28306.08,28368.94,28374.85,28290.04,28186.73,28146.33,28181.03,28274.66,28364.12,28368.52,28303,28254.91,28253.59,28260.32,28265.62,28315.53,28421.7,28495.49,28462.28,28362.15,28257.43,28178.19,28141.94,28157.91,28227.12,28294.18,28264.13,28163.17,28150.93,28252.91,28273.2,28126.11,28017.63,28101.34,28229.57,28231.93,28122.67,27976.39,27906.11,28017.89,28172.24,28103.75,27884.05,27851.24,28036.02,28121.61,28002.66,27920.28,28003.82,28093.36,28054.11,27922.86,27764.26,27633.97,27576.42,27586.24,27645.88,27770.88,27974.54,28089.77,27868.53,27484.92,27424.76,27695.79,27820.97,27678.02,27633.6,27824.12,27944.21,27824.77,27683.39,27671.14,27611.36,27363.18,27121.95,27089.12,27136.33,27082.32,27011.95,27078.07,27184.54,27142.24,27015.29,27001.6,27091.64,27131.4,27086.64,27029.93,26997.38,26981.58,26946.09,26821.55,26629.34,26533.28,26619.71,26809.1,26976.85,26939.4,26652.35,26459.41,26601.57,26796.19,26770.14,26671.8,26688.41,26741.12,26710.15,26647.23,26635.41,26607.13,26466.48,26323.47,26348.67,26463.6,26481.17,26370.75,26194.25,26053.57,26060.82,26130.89,26055.6,25898.3,25923.44,26109.4,26189.08,26079.75,25883.69,25720.66,25715.94,25850.2,25942.84,25909.61,25794.59,25643.88,25495.93,25390.84,25370.67,25425.94,25470.71,25448.33,25358.61,25234.25,25153.57,25148.83,25165.37,25172.1,25195.73,25248.84,25306.24,25324.46,25233.56,25029.37,24841.86,24757.85,24746.84,24746.22,24657.42,24452.19,24253.2,24161.14,24194.52,24313.56,24381.69,24298.58,24060.19,23757.77,23644.38,23786.4,23859.58,23724.01,23661.77,23803.66,23927.95,23879.64,23683.53,23456.43,23433.64,23637.75,23743.49,23575.09,23225.89,22898.06,22906.26,23222.03,23367.46,23179.59,22913.14,22760.91,22809.63,22951.03,22895.56,22677.23,22625.88,22707.1,22588.07,22369.67,22460.01,22711.05,22625.91,22295.04,22138.79,22110.46,21946.23,21796.83,21937.41,22045.05,21669.8,21186.78,21143.54,21352.45,21457.21,21417.18,21277.84,21080.12,20882.61,20802.33,20876.02,20897.42,20766.39,20705.69,20779.71,20681.28,20365.7,20250.73,20396.14,20360.3,20123.5,20134.17,20381.13,20445.38,20251.16,19981.45,19769.3,19696.97,19705.25,19679.03,19581.07,19434.77,19411.18,19590.73,19543.89,19019.26,18634.22,18767.44,18904.06,18737.01,18538.96,18475.93,18485.04,18469.88,18327.11,18143.48,18135.4,18187.53,18024.33,17817.38,17872.32,17995.33,17907.76,17745.7,17671.48,17585.88,17399.73,17161.41,16952.79,16876,16903.75,16854.15,16697.66,16545.61,16419.57,16286.07,16182.5,16166.05,16209.43,16259.35,16274.41,16213.15,16027.74,15767.2,15654.99,15677.57,15504.88,15169.93,15033.89,15120.48,15226.78,15163.8,14860.71,14781.17,15179,15123.64,14233.56,13781.84,14202.09,14442.25,14172.2,13869.14,13788.28,13962.49,14050.47,13706.55,13321.67,13275.71,13304.38,13194.52,13046.61,12997.25,13164.41,13332.23,13094.21,12745.02,12785.87,12842.35,12482.98,12026.44,11805.66,11874.34,12056,11955.69,11674.82,11659.85,11776.36,11677.38,11447.55,11281.14,11301.58,11425.9,11251.35,10858.14,10821.05,10958.5,10707.72,10422.35,10576.79,10727.71,10543.25,10368.83,10261.27,9841.201,9307.154,9223.396,9426.963,9519.242,9491.959,9408.925,9275.09,9149.26,9156.857,9215.084,9115.507,8921.694,8773.991,8643.65,8511.512,8460.45,8511.275,8589.059,8527.426,8178.942,7858.405,7859.156,7873.697,7714.088,7582.717,7551.829,7527.117,7332.065,6876.481,6611.386,6770.869,6797.464,6569.397,6571.294,6791.572,6905.985,6781.229,6460.237,6275.367,6287.424,6133.566,5837.111,5685.318,5642.563,5589.082,5538.575,5489,5383.585,5285.284,5330.023,5479.456,5628.146,5685,5558.023,5173.844,4822.634,4932.462,5027.482,4636.195,4299.623,4309.296,4372.417,4388.031,4388.586,4238.533,3864.425,3483.138,3298.617,3411.021,3547.335,3373.142,3192.246,3293.379"
