"Name","Scan 00793"
"Id","d99eb92a-a56a-11f1-ac89-f791b116698a"
"Version","1"
"Firstwavenumber","400"
"LastWavenumber","2300"
"Range","400 - 2300 cm-1"
"Wavelength","785"
"UserName","Default"
"CreatedDate","2026-08-31 14:36:36-04:00"
"ModifiedDate","2026-08-31 14:36:36-04:00"
"ScanNumber","00793"
"HazardLevel","Unknown"
"HazardColor","#d8d8d8"
"SampleHazardType",""
"Comment",""
"ProductId",""
"LotId",""
"BatchId",""
"Container",""
"Supplier",""
"OpName","8S"
"OpVersion","1"
"SmartAcquire","Off"
"IntTime","8.00"
"AutoInt","Off"
"Averages","3"
"LaserPower","5"
"Bdm","Off"
"SmartTipName","Intelligent UA, Bag (Position 2)"
"SmartTipSerialNumber","6075060600901977"
"LibraryMatchResult",""
"MixtureMatchResultCount",""
"SERSResult",""
"VerificationMatchResult",""
"VerificationMatchResultColor","#00ffffff"
"RescanResult",""
"RescanScanNumber",""
"RescanFinished",""
"RescanTotalFailed",""
"ContainerNumber",""
"SerialNumber","192601100702034"
"LastCalibrationDate","2025-12-01 12:10:59-05:00"
"LastSST","Pass, 2025-09-30 09:35:39-04:00"
"DeviceName","MIRA XTR DS 192601100702034"
"FoxCreek","8.0.121"
"NorthFork","1.3.0.107"
"WagonHound","8.2.51"
"Kernel","8.19"
"PackageVersion","8.0.3.60"
"SignatureLevel","Unsigned"
"Intensities","28677.9,28614.63,28597.51,28604,28608.05,28590.43,28563.21,28547.51,28562.79,28605.53,28654.49,28688.13,28691.96,28665.01,28607.86,28523.95,28432.12,28356.25,28318.88,28321.86,28349.38,28385.23,28416.59,28437.78,28444.04,28432.41,28410.24,28388.46,28377.21,28372.42,28357.54,28315.76,28241.37,28152.27,28069.35,28010.49,27977.24,27965.41,27970.37,27979.76,27974.53,27935.67,27859.61,27774.29,27711.28,27693.33,27697.41,27685.69,27623.46,27521.93,27428.43,27390.69,27423.67,27482.92,27517.88,27488.99,27405.45,27290.21,27166.19,27057.92,26990.89,26989.98,27048.71,27112.65,27123.58,27043.81,26909.88,26775.04,26687.46,26649.05,26636.4,26626.24,26606.1,26576.62,26539.21,26495.43,26447.33,26397.01,26346.81,26300.68,26263.25,26238.7,26222.98,26204.5,26171.54,26120.26,26062.54,26012.04,25979.46,25962.08,25953.36,25946.6,25932.96,25902.29,25844.72,25762.17,25672.72,25595.46,25542.27,25503.65,25466.24,25418.74,25364.04,25311.01,25268.29,25240.53,25228.82,25234.08,25250.2,25258.2,25237.77,25176.29,25091.73,25009.72,24952.65,24913.79,24870.5,24800.85,24704.42,24604.54,24525.64,24479.8,24451.47,24421.37,24374.46,24315.92,24257.11,24208.39,24169.51,24133.56,24093.74,24049.47,24007.97,23976.88,23959.51,23948.56,23935.14,23910.78,23869.15,23804.68,23713.36,23609.81,23520.88,23472.77,23465.77,23467.62,23444.17,23377.98,23292.27,23216.28,23172.96,23154.27,23142.5,23121.44,23090.78,23059.96,23038.19,23024.72,23007.27,22973.02,22917.27,22852.77,22794.5,22753.48,22723.84,22695.22,22658.22,22611.48,22557.82,22500.18,22443.76,22395.9,22363.9,22346.74,22329.03,22294.01,22233.28,22165.75,22115.79,22102.65,22113.32,22122.14,22105.31,22062.32,22009.4,21962.73,21925.64,21885.24,21827.7,21750.25,21675.2,21628.11,21625,21641.8,21643.99,21601.62,21520.01,21421.55,21328.16,21254.01,21206.8,21193.68,21208.07,21223.63,21212.6,21160.28,21084.6,21008.44,20950.58,20911.39,20886.03,20869.86,20859.96,20854.24,20850.6,20846.02,20836.73,20818.96,20789.01,20743.28,20678.2,20595.5,20509.49,20436.25,20388.83,20367.88,20370.86,20393.82,20422.28,20437.11,20420.52,20372.28,20305.15,20232.11,20165.63,20117.57,20099.6,20109.87,20120.52,20100.86,20033.81,19945.53,19870.64,19836.28,19829.41,19823.55,19795.1,19746.8,19695.87,19658.76,19636.89,19618.68,19592.29,19551.62,19498.28,19434.43,19366.41,19309.39,19279.61,19284.1,19298.67,19292.6,19242.57,19165.98,19094.2,19055.2,19046.72,19050.1,19047.29,19031.69,19006.23,18974.08,18938.5,18902.87,18870.54,18840.1,18801.25,18742.8,18660.09,18567.3,18481.9,18418.21,18376.74,18354.13,18346.56,18346.91,18346.62,18337.64,18317.03,18285.18,18242.72,18194.6,18149.79,18117.21,18098.96,18087.92,18076.39,18058.43,18031.51,17993.54,17945.24,17895.48,17854.56,17829.27,17811.44,17788.93,17751.64,17702.53,17649.7,17601.22,17565.01,17548.86,17559.54,17587.53,17610.31,17605.72,17568.69,17513.26,17454.31,17404.21,17371.38,17363.81,17378.18,17386.77,17358.82,17280.23,17187.34,17125.86,17127.88,17167.18,17201.96,17196.3,17149.54,17074.32,16983.86,16896.52,16833.31,16812.91,16823.68,16832.77,16808.51,16750.28,16686.5,16645.89,16632.48,16619.6,16579.16,16506.25,16434.03,16398.94,16417.28,16461.49,16498.37,16504.24,16482.89,16443.05,16393.23,16341.13,16294.2,16258.38,16231.67,16209.51,16187.77,16165.53,16143.19,16120.8,16094.84,16059.83,16011.1,15955.06,15905.91,15877.32,15869.9,15872.6,15874.08,15865.11,15838.9,15789.01,15719.97,15651.77,15605.32,15589.6,15592.54,15600.01,15601.57,15594.91,15578.81,15553.12,15520.74,15485.04,15449.06,15414.72,15383.7,15356.96,15332.6,15307.86,15280.41,15249.97,15216.95,15181.89,15146.12,15111.34,15079.03,15049.1,15020.7,14992.77,14962.46,14925.78,14879.48,14829.73,14789.56,14771.06,14767.63,14756.67,14716.29,14650.6,14589.88,14564.63,14579.61,14609.27,14626.69,14617.25,14583.17,14527.94,14458.87,14389.43,14333.52,14300,14288.52,14297.69,14319.58,14332.24,14312.07,14250.42,14175.49,14120.88,14106.66,14114.72,14120.27,14105.46,14074.63,14036.61,13998.39,13960.08,13920.17,13878.35,13839.18,13808.54,13790.44,13780.22,13770.67,13755.96,13737.91,13720.88,13708.36,13698.46,13687.34,13671.68,13651.84,13629.69,13606.7,13581.31,13550.59,13511.99,13466.33,13416.11,13364.15,13316.59,13281.3,13265.15,13264.46,13269.38,13270.61,13265.22,13254.34,13238.97,13217.82,13188.09,13147.81,13106.56,13082.16,13090.84,13123.98,13154.17,13155.45,13130.66,13105.52,13104.63,13123.96,13135.58,13112.68,13059.57,13007.64,12987.41,12996.45,13002.65,12974.62,12914.75,12856.99,12834.83,12849.6,12871.79,12871.79,12843.61,12804.47,12771.99,12752.65,12741.75,12734.13,12724.32,12706.55,12675.45,12634.38,12595.72,12571.76,12563.72,12561.47,12554.54,12536.35,12504.34,12456.37,12397.07,12337.91,12290.35,12258.76,12240.26,12231.58,12226.85,12217.66,12195.88,12161.97,12124.93,12093.72,12069.8,12047.37,12020.75,11992.33,11972.14,11969.77,11981.1,11989.46,11978.54,11946.65,11904.98,11864.88,11832.96,11811.89,11803.9,11806.97,11815.63,11824.33,11828.02,11822.03,11802.31,11773.48,11746.51,11731.65,11728.28,11728.28,11723.71,11710.8,11688.44,11656.54,11625.39,11611.63,11629.08,11663.38,11684.16,11664.81,11613.57,11557.04,11519.2,11502.22,11497.57,11496.31,11486.42,11454.59,11391.72,11316.81,11260.21,11246.69,11268.09,11304.18,11336.34,11354.48,11351.37,11322.98,11280.57,11239.86,11213.33,11199.81,11194.55,11193.29,11193.58,11193.39,11188.88,11170.34,11126.83,11058.03,10994.1,10970.58,11002.03,11050.01,11068.06,11031.92,10966.48,10903.19,10866.75,10851.13,10841.5,10826.95,10812.33,10806.42,10814.36,10828.62,10838.99,10837.71,10824.21,10799.28,10766.16,10734.35,10714.3,10711.85,10722.93,10742.15,10762.9,10776.33,10773.43,10751.42,10717.21,10678.49,10641.76,10611.92,10593.62,10587.37,10589.05,10594.38,10599.38,10600.44,10594.11,10579.81,10559.12,10534.22,10513.63,10509.9,10532.82,10567.91,10588.15,10571.34,10528.56,10484.74,10460.84,10457.02,10466.54,10482.12,10494.33,10493.16,10474.18,10450.74,10439.65,10450.14,10472.66,10494.85,10506.17,10499.52,10468.46,10418.4,10372.55,10354.89,10369.22,10395.96,10415.02,10421.17,10422.53,10427.42,10440.25,10462.72,10496.16,10538.74,10587.04,10637.8,10688.93,10738.8,10784.47,10816.91,10825.37,10805.28,10772.37,10746.52,10738.42,10737,10728.08,10702.44,10659.4,10599.35,10530.98,10473.5,10445.85,10448.09,10462.78,10472.43,10466.37,10438.54,10385.4,10322.77,10275.79,10263.6,10273.04,10280.18,10268.21,10246.33,10229.61,10228.35,10241.02,10264.22,10291.98,10313.86,10319.29,10307.59,10289.77,10276.95,10269.93,10261.02,10242.82,10212.93,10171.83,10120.62,10064.06,10008.27,9959.628,9925.382,9912.996,9922.004,9931.695,9918.427,9876.283,9829.101,9802.759,9800.734,9801.446,9783.498,9746.693,9706.623,9678.118,9666.826,9673.944,9697.229,9717.707,9711.287,9667.538,9617.254,9598.733,9625.353,9663.425,9674.875,9648.667,9606.414,9570.691,9549.312,9538.679,9535.149,9537.079,9543.798,9552.82,9553.097,9531.076,9483.8,9437.708,9424.003,9452.034,9494.436,9521.178,9522.902,9511.723,9499.705,9487.08,9466.504,9432.59,9392.738,9359.225,9341.104,9336.207,9339.922,9346.271,9346.553,9332.026,9303.467,9272.968,9252.837,9249.388,9264.666,9297.755,9328.415,9328.411,9280.867,9210.482,9151.38,9125.751,9131.581,9163.565,9205.169,9226.74,9201.253,9143.557,9096.827,9097.112,9133.54,9177.497,9204.778,9205.464,9172.67,9113.978,9062.221,9051.237,9080.467,9115.598,9124.859,9113.741,9108.094,9126.492,9152.761,9160.702,9138.645,9109.587,9101.007,9117.939,9136.559,9133.031,9108.458,9081.485,9068.197,9067.099,9070.186,9071.847,9073.604,9078.225,9084.247,9083.757,9069.094,9045.622,9029.318,9033.575,9051.638,9068.227,9072.293,9066.893,9057.96,9049.928,9044.761,9044.067,9047.003,9050.642,9052.347,9051.995,9050.557,9048.498,9044.634,9037.459,9026.526,9013.08,8998.869,8991.21,9001.931,9038.689,9081.312,9098.542,9074.028,9035.129,9016.625,9027.935,9042.914,9035.29,9011.56,9000.972,9024.389,9056.181,9055.591,9006.617,8951.279,8938.464,8974.976,9020.68,9037.344,9027.102,9013.706,9014.877,9024.451,9030.674,9031.232,9039.897,9070.285,9107.975,9115.948,9067.102,8997.225,8965.187,9000.759,9060.691,9091.689,9078.078,9046.939,9025.185,9017.275,9015.973,9014.97,9011.667,9004.369,8996.336,8998.371,9020.565,9055.627,9084.279,9092.184,9089.538,9093.682,9110.357,9122.836,9113.093,9086.2,9067.011,9075.688,9100.552,9118.267,9117.811,9117.038,9137.002,9176.511,9212.03,9222.841,9215.093,9206.453,9209.109,9220.413,9235.384,9252.539,9274.294,9301.889,9325.799,9331.445,9312.432,9286.079,9273.518,9280.825,9296.47,9309.036,9316.298,9320.481,9322.895,9322.075,9316.293,9311.099,9320.511,9354.615,9388.732,9381.731,9315.723,9237.884,9205.009,9226.547,9260.182,9267.897,9261.752,9275.495,9325.115,9381.893,9411.32,9404.316,9376.545,9345.126,9329.555,9350.146,9409.403,9472.062,9500.277,9494.707,9487.594,9505.078,9538.84,9570.175,9586.186,9583.91,9562.36,9532.543,9513.304,9518.797,9545.364,9585.013,9620.229,9621.113,9563.368,9475.744,9412.852,9407.469,9434.591,9460.646,9469.532,9461.732,9439.838,9414.34,9398.314,9394.384,9386.434,9358.488,9319.705,9295.657,9304.177,9335.169,9372.518,9401.83,9410.75,9390.479,9355.773,9331.178,9330.229,9343.019,9357.489,9374.021,9402.217,9446.148,9487.556,9503.291,9491.633,9477.975,9484.644,9499.285,9494.584,9461.813,9432.105,9438.846,9474.582,9502.205,9494.52,9463.206,9428.708,9407.314,9410.458,9445.392,9494.888,9532.421,9543.686,9536.91,9522.305,9505.351,9488.646,9476.253,9476.554,9497.774,9529.432,9543.799,9522.086,9489.437,9482.896,9510.877,9542.95,9550.932,9542.704,9541.647,9559.103,9582.529,9597.891,9605.936,9616.627,9635.747,9656.768,9671.302,9676.947,9676.495,9672.999,9669.853,9670.397,9673.327,9671.893,9661.74,9653.99,9665.04,9698.886,9740.255,9773.462,9792.97,9797.998,9787.193,9757.981,9709.367,9658.738,9634.628,9650.547,9680.619,9694.207,9684.324,9661.845,9639.537,9634.743,9664.287,9715.132,9746.809,9730.954,9692.248,9667.911,9672.612,9696.478,9727.921,9753.266,9758.562,9744.702,9731.269,9734.707,9746.797,9750.92,9742.119,9732.07,9731.557,9737.282,9740.465,9736.918,9729.727,9723.533,9729.399,9760.979,9814.354,9855.778,9854.983,9831.468,9827.518,9859.159,9895.129,9903.84,9891.399,9881.933,9884.471,9880.028,9851.273,9819.437,9824.37,9874.133,9917.909,9907.602,9869.746,9866.676,9919.451,9974.212,9977.686,9943.489,9916.298,9919.938,9941.977,9967.147,9985.848,9991.126,9988.478,10003.28,10056.28,10125.45,10171.86,10176.12,10147.51,10097.56,10037.65,9979.202,9935.974,9924.693,9956.922,10017.28,10081.82,10122.54,10106.95,10024.54,9957.899,10008.36,10152.96,10249.99,10207.82,10123.2,10125.29,10214.82,10290.92,10290.34,10260.74,10263.52,10300.55,10335.75,10348.85,10354.89,10371.31,10396.86,10420.92,10432.48,10420,10378.24,10341,10355.64,10422.4,10482.21,10487.9,10462.28,10446.3,10455.52,10481.71,10514.2,10537.7,10538.02,10526.84,10533.32,10570.35,10614.66,10641.06,10647.23,10641.79,10632.23,10624.25,10623.71,10637.67,10673.15,10725.14,10776.27,10812.13,10830.12,10830.92,10826.55,10836.75,10864.62,10878.18,10847.23,10787.33,10733.87,10705.75,10699.66,10706.82,10701.64,10656.14,10580.09,10515.06,10492.81,10517.61,10585.56,10658.67,10682.12,10645.51,10605.23,10609.9,10644.63,10676.2,10680.68,10642.5,10567.67,10517.5,10549.96,10615.87,10612.82,10531.65,10499.17,10608.27,10754.15,10786.37,10703.84,10626.86,10628.09,10663.28,10679.13,10674.85,10672.08,10675.99,10671.63,10654.33,10659.24,10723.62,10808.06,10824.81,10753.12,10689,10715.75,10792.04,10839.85,10832.14,10786.54,10729.7,10705.54,10750.51,10829.96,10879.99,10874.75,10831.68,10778.4,10766.04,10839.69,10944.77,10974.31,10907.88,10846.44,10865.25,10907.21,10892.23,10839.64,10832.43,10898.95,10976.6,11008.2,10998.55,10969.9,10948.66,10963.97,11010.1,11018.16,10939.98,10861.53,10899.94,11020.9,11072.51,10992.41,10894.92,10887.22,10938.45,10977.22,10980.9,10965.48,10950.78,10961.78,11015.29,11084.68,11131.67,11145.17,11134.82,11112.2,11091.35,11084.34,11092.9,11114.54,11130.04,11108.96,11052.19,11011.18,11021.79,11040.29,11012.14,10976.71,11027.67,11161.57,11241.49,11181.82,11093.39,11106.45,11183.99,11210.18,11165.4,11136.59,11175.74,11233.84,11256.89,11255.79,11264.05,11283.57,11289.61,11275.13,11267.35,11282.16,11270.33,11176.26,11067.64,11084.98,11240.38,11375.52,11382.38,11333.33,11318.36,11324.71,11299.57,11246.56,11219.6,11242.84,11280.9,11302.29,11319.51,11351.94,11372.17,11328.21,11243.98,11233.4,11341.52,11430.21,11375.25,11282.54,11321.25,11452.08,11489.38,11376.12,11243.65,11199.95,11239.93,11333.35,11421.77,11439.79,11393.39,11345.63,11334.13,11353.76,11395.82,11452.24,11511,11532.16,11469.74,11373.67,11371.64,11484.49,11560.18,11497.64,11404.81,11405.58,11457.67,11458.24,11400.78,11353.1,11357.08,11414.23,11502.85,11545.97,11481.56,11386.08,11374.32,11439.96,11498.16,11520.19,11546.85,11591.68,11598.04,11528.27,11468.44,11519.1,11615.2,11613.08,11500.4,11386.42,11349.62,11410.02,11549.9,11654.11,11618.98,11513.76,11460.51,11475.69,11508.82,11535.79,11563.26,11593.6,11617.8,11627.77,11623.27,11606.94,11588.84,11582.03,11599.67,11653.88,11721.6,11738.8,11680.29,11602.76,11558.57,11550.95,11573.22,11623.08,11696.72,11752.79,11728.53,11640.08,11587.47,11608.91,11627.18,11588.72,11543.8,11545.02,11560.33,11539,11501.95,11504.49,11544.05,11569.79,11568.97,11581.73,11625.72,11662.63,11662.51,11650.11,11656.11,11675.51,11691.53,11698.94,11698.91,11688.85,11662.89,11622.83,11581.13,11551.79,11550.45,11585.85,11643.22,11704.48,11760.26,11801.04,11791.46,11690.24,11566.5,11569.53,11697.6,11775.49,11727.08,11659.62,11655.94,11692.37,11729.13,11728.66,11665.29,11581,11537.08,11543.41,11581.17,11617.45,11610.48,11573.39,11579.47,11640.35,11665.94,11611.87,11556.83,11564.28,11593.04,11592.85,11571.61,11554.61,11567.47,11628.27,11674.33,11604.04,11468.31,11437.95,11530.32,11589.53,11551.02,11501.9,11498.46,11507.66,11501.38,11496.39,11505.42,11494.86,11438.74,11412.74,11503.11,11619.76,11609.27,11493.69,11395.41,11358.6,11365.03,11395.13,11429.72,11450.41,11440.24,11408.04,11405.55,11455.47,11508.61,11512.98,11435.46,11279.6,11170.15,11216.08,11322.7,11358.71,11333.3,11304.46,11299.76,11327.61,11347.08,11296.06,11218.61,11227.83,11292.27,11258.13,11132.15,11092.77,11175.3,11222.05,11166.93,11104.26,11092.26,11097.13,11090.35,11077.13,11074.5,11118.7,11214.5,11257.81,11171.37,11058.89,11031.76,11046.69,11038.86,11055.19,11151.31,11213.81,11100.26,10921.41,10872.37,10926.43,10957.45,10952.71,10960.47,10988.29,11016.5,11014,10945.76,10838.44,10765.54,10764.05,10834.03,10890.34,10776.53,10556.9,10520.28,10699.04,10828.77,10828.1,10855.52,10941.53,10932.08,10779.91,10604.59,10504.03,10524.05,10634.51,10693.62,10641.7,10570.84,10544.01,10549.17,10569.7,10594.15,10605.17,10573.84,10495.65,10415.17,10357.16,10296.98,10237.24,10245.62,10327.58,10348.51,10261.93,10232.94,10324.02,10339.07,10191.82,10079.21,10121.59,10219.39,10278.41,10266.28,10187.83,10105.09,10050.39,9989.283,9912.651,9869.509,9884.881,9931.844,9972.473,9960.033,9894.065,9846.881,9838.644,9804.224,9742.949,9751.042,9825.954,9830.409,9746.932,9710.24,9726.167,9652.374,9525.163,9561.617,9707.009,9659.222,9464.257,9455.227,9599.166,9591.799,9452.56,9413.547,9455.112,9413.018,9300.05,9223.257,9231.164,9321.82,9344.575,9142.522,8917.963,8936.79,9084.898,9166.144,9170.395,9141.842,9135.095,9171.069,9156.494,9036.995,8921.072,8891.29,8912.807,8930.263,8880.293,8741.036,8557.494,8406.362,8392.183,8467.773,8430.461,8278.674,8188.189,8200.057,8253.502,8309.025,8346.087,8383.255,8443.493,8459.365,8366.773,8287.927,8336.308,8378.98,8291.83,8146.074,8022.479,7943.013,7906.719,7886.558,7860.708,7819.075,7773.734,7756.652,7750.09,7701.969,7650.159,7672.298,7695.084,7606.792,7503.701,7512.818,7568.711,7588.114,7591.585,7587.123,7509.569,7332.122,7109.762,6931.969,6914.763,7047.547,7203.651,7273.434,7179.135,6986.567,6821.415,6754.701,6803.126,6848.235,6798.992,6721.905,6667.938,6612.569,6558.375,6550.763,6570.827,6545.576,6499.441,6506.49,6526.705,6480.726,6350.44,6168.496,6069.553,6119.018,6191.487,6166.426,5974.125,5730.287,5702.184,5823.826,5837.041,5742.363,5641.679,5566.45,5520.676,5487.49,5457.9,5444.361,5448.85,5459.78,5500.474,5601.118,5596.065,5309.023,5053.828,5126.991,5247.45,5181.485,5023.275,4926.208,5051.617,5276.609,5289.626,5136.333,5007.984,4905.223,4792.082,4696.727,4635.036,4581.292,4509.794,4407.087,4352.984,4458.604,4635.504,4732.109,4661.286,4451.366,4339.296,4385.041,4400.298,4343.574,4279.496,4136.6,3870.631,3798.573,4065.528,4230.766,4117.448,3987.815,3953.523,3982.22,3999.381,3932.33,3781.202,3632.392,3704.151,3870.914,3640.859,3245.88,3283.787,3528.725,3587.854,3512.633,3428.518,3430.441,3413.251,3150.375,2970.188,3261.189,3419.629,3076.811,2962.824,3243.639,3289.143,3122.421,3131.695,3201.394,3136.57,2997.559,2829.919,2607.766,2441.953,2500.022,2631.363,2643.316,2592.312,2495.788,2260.082,2104.584,2376.506,2567.52,2214.324,2059.499,2401.287,2550.052,2418.36,2376.199,2312.303,2082.621,1990.702,2135.425,2234.026,2194.793,2080.994,1962.618,1896.774,1903.064,1907.621,1764.645,1643.4,1772.947,1856.095,1713.722"
