"Name","Scan 00751"
"Id","ae2b17c8-a229-11f1-85d4-878122e12877"
"Version","1"
"Firstwavenumber","400"
"LastWavenumber","2300"
"Range","400 - 2300 cm-1"
"Wavelength","785"
"UserName","Default"
"CreatedDate","2026-08-27 11:12:13-04:00"
"ModifiedDate","2026-08-27 11:12:13-04:00"
"ScanNumber","00751"
"HazardLevel","Unknown"
"HazardColor","#d8d8d8"
"SampleHazardType",""
"Comment",""
"ProductId",""
"LotId",""
"BatchId",""
"Container",""
"Supplier",""
"OpName","paper-s"
"OpVersion","3"
"SmartAcquire","Off"
"IntTime","10.00"
"AutoInt","On"
"Averages","3"
"LaserPower","5"
"Bdm","Off"
"SmartTipName","Intelligent UA, Bag (Position 2)"
"SmartTipSerialNumber","6075060600901977"
"LibraryMatchResult",""
"MixtureMatchResultCount",""
"SERSResult",""
"VerificationMatchResult",""
"VerificationMatchResultColor","#00ffffff"
"RescanResult",""
"RescanScanNumber",""
"RescanFinished",""
"RescanTotalFailed",""
"ContainerNumber",""
"SerialNumber","192601100702034"
"LastCalibrationDate","2025-12-01 12:10:59-05:00"
"LastSST","Pass, 2025-09-30 09:35:39-04:00"
"DeviceName","MIRA XTR DS 192601100702034"
"FoxCreek","8.0.121"
"NorthFork","1.3.0.107"
"WagonHound","8.2.51"
"Kernel","8.19"
"PackageVersion","8.0.3.60"
"SignatureLevel","Unsigned"
"Intensities","11964.99,11990.47,12002.52,12002.33,11992.6,11976.57,11960.09,11949.8,11951.58,11961.18,11966.57,11955.62,11925.89,11893.61,11877.06,11890.32,11925.37,11966.92,12000.26,12019.48,12026.16,12022.11,12010.46,11997.11,11988.27,11989.46,12002.4,12027.48,12064.6,12104.92,12131.94,12129.02,12091.96,12043.06,12007.9,12005.8,12021.19,12026.36,11995.5,11935.26,11880.04,11864.82,11902.06,11958.56,11995.71,11983.02,11931.47,11865.56,11808.65,11768.21,11739.24,11716.42,11696.87,11682.06,11673.94,11672.48,11668.85,11651.75,11611.49,11557.7,11513.11,11500.21,11520.23,11541.92,11531.43,11468.16,11379.64,11304.21,11276.03,11291.29,11325.42,11354.1,11365.03,11360.56,11343.9,11318.7,11289.76,11262.09,11240.09,11224.35,11213.85,11207.62,11205.2,11206.61,11211.87,11219.37,11224.14,11220.89,11205.87,11182.4,11155.85,11131.03,11106.65,11077.44,11038.32,10993.39,10959.24,10953.25,10982.26,11021.76,11041.56,11016.77,10958.37,10892.46,10844.06,10819.48,10808.32,10799.68,10786.89,10771.02,10753.94,10736.79,10717.69,10694.01,10663.5,10627.67,10590.03,10554.1,10522.75,10498.11,10482.29,10474.3,10466.25,10449.3,10417,10374.15,10328.99,10289.16,10255.99,10226.83,10199.09,10173.93,10157.22,10155.06,10167.84,10181.8,10181.08,10153.31,10104.09,10044.88,9986.875,9938.666,9907.12,9898.766,9909.939,9924.185,9924.334,9902.016,9870.298,9845.414,9839.716,9846.3,9852.268,9845.866,9827.345,9804.343,9784.417,9770.655,9761.014,9753.163,9744.904,9734.277,9719.359,9698.638,9672.297,9640.979,9605.75,9571.432,9544.796,9532.313,9534.439,9545.884,9561.155,9574.515,9579.783,9570.769,9544.818,9510.838,9480.048,9461.831,9454.127,9450.368,9444.054,9429.213,9400.264,9351.946,9289.582,9231.869,9198.227,9196.144,9206.216,9205.44,9179.134,9147.334,9139.131,9177.995,9243.061,9292.129,9285.319,9221.576,9132.506,9050.361,8996.784,8978.187,8999.728,9054.746,9106.799,9115.002,9053.039,8960.391,8895.091,8906.459,8972.073,9033.535,9035.651,8979.283,8912.847,8885.274,8909.875,8949.771,8964.534,8932.78,8878.201,8830.951,8813.346,8815.597,8819.634,8809.726,8786.808,8759.26,8735.13,8717.812,8707.267,8703.313,8703.844,8704.461,8700.682,8691.761,8684.13,8684.999,8696.895,8707.401,8701.179,8667.335,8618.813,8576.536,8558.86,8560.634,8563.798,8551.036,8519.167,8477.264,8434.664,8396.816,8363.918,8335.804,8313.797,8302.375,8306.399,8327.423,8355.742,8379.311,8387.447,8376.824,8346.666,8297.602,8243.372,8204.794,8201.206,8227.725,8259.453,8271.499,8256.131,8226.924,8198.648,8178.374,8158.778,8130.994,8091.716,8053.583,8032.027,8037.208,8055.84,8068.119,8057.478,8029.713,8000.22,7983.108,7978.079,7975.604,7966.477,7950.317,7934.965,7928.338,7929.465,7925.388,7902.436,7855.548,7796.532,7739.092,7696.308,7679.567,7699.907,7761.367,7837.913,7895.525,7905.747,7875.175,7824.289,7772.614,7730.762,7704.245,7697.904,7707.206,7720.119,7724.718,7716.555,7699.498,7677.829,7655.572,7636.355,7623.743,7618.605,7616.014,7610.313,7598.082,7582.659,7568.637,7559.344,7552.671,7545.056,7533.956,7523.024,7518.25,7524.345,7534.945,7537.925,7522.209,7490.433,7454.871,7427.389,7408.521,7388.174,7356.243,7315.033,7282.253,7276.262,7298.732,7323.969,7323.939,7288.111,7244.028,7224.116,7246.602,7288.552,7319.684,7317.909,7292.859,7261.885,7240.038,7230.669,7233.306,7246.363,7260.443,7262.819,7242.483,7204.557,7163.119,7131.462,7111.982,7099.329,7088.204,7077.12,7068.01,7062.835,7061.166,7059.877,7055.716,7045.366,7025.425,6992.58,6950.798,6916.911,6908.931,6933.567,6972.615,7004.625,7014.805,7006.641,6986.748,6961.798,6938.777,6924.702,6923.73,6927.602,6924.708,6906.751,6883.328,6870.048,6879.548,6904.47,6929.166,6939.273,6931.111,6906.405,6867.554,6823.849,6788.752,6774.625,6778.704,6787.271,6787.018,6775.152,6757.886,6741.495,6727.505,6712.658,6693.601,6670.128,6645.746,6624.122,6607.217,6594.655,6585.888,6580.115,6576.127,6572.682,6568.181,6560.371,6546.953,6528.563,6512.12,6505.302,6509.519,6510.766,6492.773,6450.203,6408.625,6398.943,6436.784,6488.317,6509.799,6472.071,6399.763,6329.915,6292.059,6284.424,6296.977,6319.581,6341.455,6351.661,6342.507,6323.681,6310.671,6315.207,6326.457,6325.173,6295.888,6248.435,6203.121,6177.882,6173.032,6180.836,6193.822,6206.783,6215.66,6216.772,6209.718,6195.885,6176.954,6157.547,6144,6141.828,6147.319,6150.96,6143.814,6124.751,6097.897,6067.695,6041.844,6030.349,6042.242,6072.01,6103.149,6119.9,6121.586,6119.543,6124.598,6133.995,6133.643,6110.292,6071.16,6041.283,6044.75,6077.79,6111.473,6117.366,6093.319,6061.697,6044.871,6047.065,6055.104,6055.544,6043.652,6023.243,5998.587,5976.58,5966.75,5978.132,6006.39,6033.619,6041.901,6026.146,5994.394,5955.229,5916.645,5886.021,5870.322,5867.523,5866.357,5855.527,5832.583,5804.15,5777.15,5756.2,5743.583,5741.272,5746.716,5752.817,5752.506,5743.291,5727.21,5706.519,5684.172,5663.799,5648.948,5641.1,5639.797,5644.48,5654.19,5667.598,5683.107,5694.29,5690.451,5661.845,5617.279,5581.326,5577.351,5602.119,5630.746,5639.273,5626.043,5606.691,5596.278,5596.096,5597.295,5591.427,5577.831,5561.264,5546.586,5538.719,5542.623,5562.07,5588.089,5603.92,5594.911,5567.802,5541.515,5532.818,5538.393,5544.331,5538.39,5522.379,5504.936,5493.782,5489.764,5490.662,5493.554,5490.917,5473.373,5435.282,5393.137,5371.54,5388.478,5426.96,5458.453,5460.705,5441.021,5415.446,5397.946,5393.85,5406.197,5434.335,5463.806,5476.974,5463.65,5438.037,5419.302,5419.02,5426.932,5428.893,5416.205,5393.907,5369.167,5347.762,5332.412,5325.421,5327.559,5332.553,5332.115,5321.096,5306.863,5299.902,5306.02,5314.878,5312.676,5292.539,5268.115,5256.797,5266.909,5283.747,5289.082,5274.158,5250.733,5233.168,5230.378,5241.254,5263.537,5290.845,5310.334,5308.904,5284.601,5250.199,5219.328,5202.112,5204.787,5232.665,5276.82,5315.093,5326.291,5310.539,5284.417,5263.835,5252.624,5246.933,5243.229,5241.754,5244.707,5253.612,5265.349,5274.867,5277.948,5274.785,5267.027,5257.118,5250.805,5254.678,5270.491,5284.586,5280.293,5251.235,5216.475,5198.778,5207.799,5228.024,5241.322,5240.47,5234.544,5233.72,5241.565,5253.972,5266.5,5276.483,5282.853,5285.098,5289.11,5305.207,5342.284,5395.908,5454.653,5508.166,5553.213,5589.352,5616.78,5638.601,5658.744,5679.383,5696.917,5706.577,5706.721,5703.146,5702.636,5705.017,5698.064,5668.783,5619.213,5570.466,5543.717,5537.346,5528.586,5495.967,5443.479,5392.241,5361.527,5353.507,5362.127,5380.466,5397.143,5399.301,5380.761,5359.655,5359.582,5389.722,5423.559,5429.472,5399.317,5365.042,5361.585,5395.067,5437.339,5459.719,5457.448,5445.563,5437.949,5431.47,5413.314,5373.501,5320.093,5268.019,5228.99,5201.998,5182.888,5166.685,5146.307,5114.469,5073.173,5040.014,5033.404,5052.937,5077.157,5084.901,5074.764,5060.057,5053.26,5057.349,5070.683,5090.099,5105.107,5102.976,5077.753,5043.928,5019.741,5013.777,5016.399,5016.2,5010.047,5004.792,5007.083,5011.47,5003.155,4969.933,4922.598,4883.118,4868.716,4873.981,4886.847,4897.92,4905.207,4908,4906.651,4903.282,4900.115,4897.683,4894.761,4890.068,4882.63,4871.666,4856.909,4841.247,4828.764,4822.363,4820.792,4821.904,4823.096,4820.864,4811.759,4797.679,4786.89,4787.199,4795.301,4799.985,4791.773,4774.026,4755.418,4741.928,4729.638,4712.418,4690.524,4677.18,4686.632,4716.056,4742.676,4744.601,4724.958,4703.802,4698.925,4712.333,4740.06,4774.415,4795.773,4782.384,4735.144,4694.481,4702.826,4758.245,4815.289,4831.654,4811.832,4785.896,4777.768,4781.573,4782.829,4773.022,4757.902,4745.207,4739.287,4740.13,4747.289,4758.297,4769.276,4776.423,4776.621,4767.005,4748.382,4732.412,4732.535,4749.113,4762.523,4753.075,4727.747,4715.245,4738.568,4776.661,4789.814,4754.839,4703.269,4677.547,4694.301,4727.708,4749.276,4753.321,4753.621,4762.29,4775.123,4780.849,4772.809,4759.6,4752.877,4759.263,4777.35,4804.61,4832.069,4845.535,4834.053,4808.686,4789.252,4788.917,4801.273,4816.431,4827.983,4834.418,4834.793,4830.899,4826.418,4824.587,4826.087,4830.757,4837.319,4841.875,4840.305,4832.931,4825.034,4821.629,4822.845,4826.204,4829.828,4834.257,4840.613,4850.433,4865.968,4888.972,4912.076,4920.567,4903.753,4876.171,4861.622,4872.668,4893.662,4905.074,4901.685,4894.55,4894.194,4898.533,4898.902,4890.17,4879.935,4878.479,4888.389,4900.549,4905.6,4903.801,4902.045,4906.631,4920.381,4945.07,4978.784,5012.478,5036.494,5045.119,5036.018,5009.065,4976.586,4955.477,4956.984,4979.088,5017.608,5062.378,5097.217,5108.507,5102.647,5094.618,5094.997,5102.446,5113.698,5126.765,5141.076,5155.601,5165.162,5162.631,5146.914,5134.326,5143.626,5171.494,5188.763,5170.141,5134.054,5120.144,5149.049,5185.376,5184.858,5145.728,5115.643,5137.391,5192.896,5235.32,5233.923,5203.458,5166.324,5138.213,5127.48,5139.401,5159.852,5166.291,5148.297,5125.869,5122.821,5143.069,5171.151,5193.301,5211.099,5231.859,5260.563,5297.202,5340.641,5381.634,5404.284,5397.938,5378.502,5369.755,5379.305,5387.17,5372.661,5339.141,5305.678,5288.083,5289.109,5308.279,5335.436,5347.814,5325.703,5281.663,5243.987,5231.945,5240.797,5261.713,5281.608,5283.36,5255.672,5219.917,5208.313,5229.932,5252.318,5241.668,5200.351,5154.337,5125.378,5119.025,5137.063,5172.507,5207.996,5227.948,5233.234,5231.572,5229.837,5233.031,5245.289,5261.671,5270.482,5264.529,5254.763,5256.293,5274.738,5303.672,5334.582,5349.775,5327.66,5268.808,5221.132,5234.167,5294.092,5341.049,5333.547,5301.267,5289.004,5305.107,5315.488,5291.476,5253.401,5240.187,5267.126,5306.045,5326.612,5326.379,5319.831,5316.538,5311.094,5296.127,5278.977,5280.537,5314.438,5358.751,5381.866,5373.911,5354.499,5343.066,5342.438,5348.301,5358.583,5375.691,5401.388,5424.458,5425.593,5398.355,5373.246,5385.159,5429.114,5465.537,5464.072,5436.777,5406.166,5384.711,5373.097,5371.125,5377.4,5390.089,5407.04,5425.61,5443.197,5457.947,5468.353,5472.549,5467.957,5452.474,5430.113,5408.596,5393.442,5384.288,5379.818,5378.519,5378.719,5378.225,5373.16,5359.609,5339.827,5321.746,5313.127,5320.089,5347.862,5388.216,5418.274,5420.512,5406.985,5398.178,5396.824,5383.291,5344.148,5309.07,5322.03,5386.34,5447.369,5456.479,5432.864,5422.051,5440.339,5457.885,5446.694,5421.336,5414.552,5436.069,5456.385,5447.167,5419.009,5400.426,5408.714,5440.858,5490.291,5538.981,5563.456,5553.783,5525.055,5495.054,5481.083,5500.06,5548.425,5584.917,5571.769,5533.491,5524.476,5565.27,5614.958,5631.403,5614.072,5581.842,5550.746,5531.672,5533.328,5552.022,5578.623,5605.877,5629.613,5647.912,5671.846,5717.272,5774.79,5798.199,5751.816,5678.488,5648.017,5676.792,5711.917,5708.115,5681.872,5668.138,5679.354,5702.599,5725.322,5742.365,5750.799,5754.45,5763.604,5785.596,5816.695,5850.301,5872.249,5862.386,5817.4,5780.43,5798.09,5864.652,5940.979,5995.772,6015.917,5994.37,5955.786,5940.434,5965.496,6009.657,6049.856,6075.029,6078.733,6059.051,6019.766,5970.805,5947.386,5989.094,6079.514,6149.723,6153.361,6120.998,6095.606,6087.343,6084.088,6079.661,6081.684,6098.206,6126.123,6157.022,6184.134,6203.218,6212.045,6217.707,6229.728,6243.878,6241.802,6215.653,6194.295,6210.816,6254.973,6286.866,6283.168,6256.573,6223.784,6197.363,6187.726,6190.041,6179.155,6136.34,6076.782,6024.158,5990.895,5979.958,5992.039,6022.851,6065.72,6100.244,6099.429,6065.286,6043.361,6068.694,6109.136,6115.11,6084.578,6057.829,6063.022,6092.776,6132.939,6160.347,6147.827,6102.671,6082.189,6126.425,6181.417,6172.256,6107.438,6063.182,6078.12,6100.571,6076.637,6027.667,6006.977,6033.85,6086.135,6141.167,6183.411,6199.881,6189.911,6160.792,6124.557,6101.138,6105.831,6126.164,6141.595,6145.235,6142.167,6138.917,6144.423,6164.752,6183.281,6174.675,6144.338,6132.566,6161.161,6189.461,6171.645,6125.884,6104.432,6127.373,6169.425,6207.749,6241.791,6274.712,6291.723,6266.787,6201.684,6143.851,6131.937,6146.44,6153.875,6150.619,6154.754,6174.655,6200.207,6220.263,6228.315,6220.044,6203.321,6195.462,6203.411,6213.849,6214.056,6206.092,6196.59,6190.941,6193.565,6210.025,6248.072,6309.246,6363.232,6372.405,6337.51,6288.506,6252.118,6247.826,6284.943,6329.881,6340.235,6318.424,6297.757,6292.42,6284.87,6263.714,6253.002,6280.927,6326.529,6340.026,6305.992,6256.42,6222.299,6220.109,6259.813,6321.189,6369.84,6391.132,6392.348,6380.946,6361.975,6339.976,6318.452,6300.959,6298.183,6326.663,6383.983,6432.345,6441.839,6433.488,6438.132,6443.35,6411.112,6345.024,6303.945,6325.129,6372.035,6401.629,6418.122,6443.762,6468.185,6452.03,6387.301,6326.861,6319.891,6371.277,6468.601,6542.554,6494.773,6349.646,6277.084,6364.693,6475.62,6470.243,6382.587,6302.514,6273.324,6304.415,6371.285,6402.085,6357.594,6306.209,6320.225,6367.465,6377.853,6342.53,6301.739,6280.724,6278.849,6293.074,6319.963,6355.778,6395.412,6433.22,6464.58,6485.692,6492.476,6480.368,6448.947,6410.92,6380.984,6369.623,6384.206,6410.229,6416.736,6398.132,6386.208,6400.022,6414.977,6407.532,6402.476,6436.823,6491.66,6512.237,6485.428,6449.24,6431.042,6427.424,6435.051,6468.808,6541.024,6599.224,6562.551,6450.447,6374.496,6385.55,6428.613,6457.721,6484.276,6524.479,6560.144,6562.991,6530.458,6477.148,6434.633,6452.783,6539.734,6620.501,6630.608,6576.712,6487.206,6430.098,6479.921,6588.601,6626.044,6565.097,6501.049,6493.905,6519.503,6547.099,6557.78,6540.082,6513.262,6505.921,6517.005,6526.628,6526.989,6523.537,6520.947,6521.401,6527.136,6541.233,6562.235,6565.034,6523.115,6464.45,6442.161,6448.006,6423.128,6367.28,6360.481,6435.104,6509.618,6515.625,6482.689,6455.016,6436.764,6418.621,6401.088,6390.125,6387.742,6392.447,6406.273,6436.171,6476.804,6496.182,6477.599,6466.538,6506.458,6560.837,6571.322,6520.805,6416.649,6316.025,6311.061,6394.531,6445.752,6418.787,6404.34,6454.675,6491.587,6453.321,6419.758,6478.59,6561.751,6559.276,6500.965,6486.186,6523.197,6549.88,6535.074,6484.355,6424.978,6415.048,6471.806,6514.432,6487.852,6464.691,6510.938,6537.313,6437.491,6308.344,6314.538,6423.874,6494.193,6506.097,6538.903,6588.604,6556.614,6426.17,6311.451,6292.573,6356.856,6464.658,6532.734,6496.861,6397.415,6297.022,6240.281,6260.698,6352.758,6487.937,6581.751,6526.382,6372.507,6290.145,6325.814,6397.733,6436.549,6397.584,6300.226,6268.327,6354.224,6433.728,6410.537,6331.302,6259.03,6225.807,6248.773,6307.308,6367.827,6385.728,6322.867,6224.863,6170.506,6172.329,6202.754,6218.894,6171.879,6100.309,6115.598,6217.872,6287.913,6279.368,6246.703,6231.277,6243.803,6276.944,6294.933,6276.795,6241.112,6208.616,6191.666,6196.153,6211.823,6221.639,6195.236,6120.017,6076.013,6139.26,6230.122,6239.532,6189.628,6142.635,6091.747,6007.568,5924.287,5899.994,5914.979,5911.314,5899.104,5927.382,5982.552,6009.665,6011.084,6032.114,6062.667,6046.144,5985.744,5942.027,5942.379,5976.404,6011.691,5994.982,5942.683,5954.945,6024.756,6001.078,5877.467,5860.375,5980.503,5986.459,5819.167,5755.614,5892.431,5980.838,5908.38,5853.539,5907.72,5953.967,5911.647,5808.65,5711.45,5736.62,5888.524,5941.91,5803.554,5695.477,5735.878,5759.288,5683.582,5663.518,5762.354,5801.031,5693.993,5602.103,5608.774,5585.301,5477.779,5426.755,5504.167,5607.898,5635.487,5521.759,5321.611,5294.979,5482.384,5513.299,5289.421,5223.169,5441.23,5552.982,5421.331,5347.632,5446.055,5523.069,5491.356,5431.755,5415.121,5482.81,5573.863,5521.257,5333.76,5202.105,5179.786,5184.207,5179.369,5174.85,5187.615,5234.248,5265.019,5196.82,5101.922,5128.162,5193.049,5113.746,4962.371,4908.576,4905.42,4839.044,4766.488,4781.025,4826.359,4820.639,4785.211,4770.983,4832.165,4969.58,5013.172,4865.715,4712.46,4675.6,4634.674,4536.703,4514.012,4626.111,4786.973,4886.121,4805.499,4631.217,4654.677,4863.169,4977.896,4934.952,4830.473,4706.5,4573.664,4468.464,4431.921,4453.123,4497.626,4514.469,4469.212,4408.817,4373.393,4327.316,4286.015,4408.919,4673.719,4709.801,4423.039,4141.568,4023.177,4010.301,4046.185,4085.866,4112.438,4125.371,4113.205,4069.436,4048.565,4101.489,4168.931,4189.544,4186.69,4163.218,4040.182,3850.128,3823.837,3973.9,4032.074,3967.465,3963.603,3975.116,3832.413,3650.284,3634.499,3721.22,3793.76,3889.054,4006.168,3949.623,3687.755,3543.89,3603.564,3602.696,3507.006,3499.704,3556.68,3537.95,3488.677,3508.376,3550.273,3544.106,3486.902,3401.675,3337.732,3320.885,3336.782,3341.311,3274.064,3195.935,3223.247,3280.014,3233.554,3086.438,2903.984,2819.908,2891.142,3008.164,3068.018,3007.387,2909.691,2949.769,3075.583,3124.694,2989.986,2687.079,2565.165,2768.23,2904.148,2837.163,2821.457,2869.119,2801.098,2650.981,2543.222,2503.708,2521.95,2570.448,2631.25,2707.069,2763.116,2729.308,2626.203,2537.527,2555.709,2705.288,2750.844,2582.945,2480.351,2495.601,2357.657,2179.729,2301.017,2438.375,2217.09,2036.129,2192.611,2317.778,2208.663,1999.715,1854.647,1905.825,2022.352,2014.606,1910.685,1805.459,1819.698,1934.352,1975.698,1944.468,1940.653,1917.014,1824.215,1778.017,1820.19,1819.746,1753.557,1702.963,1642.627,1525.682,1459.659,1508.023,1546.294,1529.239,1527.138,1498.098,1376.063,1387.148,1643.681,1688.73,1420.408,1333.13,1379.303,1167.573,928.2188,986.8566,1213.13,1394.997,1347.741,1210.542,1297.212,1378.002,1173.187,935.0875,888.2635,1043.538,1171.779,975.0513,808.869,991.5947,1017.622,751.4564,732.7562,916.9432,906.9546,802.3625,796.209,893.2625,994.5917,938.2637,822.2176,824.6724,819.3035,715.5702"
