"Name","Scan 00773"
"Id","ec84a9ac-a23e-11f1-964d-13394ae80478"
"Version","1"
"Firstwavenumber","400"
"LastWavenumber","2300"
"Range","400 - 2300 cm-1"
"Wavelength","785"
"UserName","Default"
"CreatedDate","2026-08-27 13:44:36-04:00"
"ModifiedDate","2026-08-27 13:44:36-04:00"
"ScanNumber","00773"
"HazardLevel","Unknown"
"HazardColor","#d8d8d8"
"SampleHazardType",""
"Comment",""
"ProductId",""
"LotId",""
"BatchId",""
"Container",""
"Supplier",""
"OpName","Default Procedure"
"OpVersion","1"
"SmartAcquire","On"
"IntTime","7.63"
"AutoInt","On"
"Averages","3"
"LaserPower","5"
"Bdm","Off"
"SmartTipName","Intelligent UA, Bag (Position 2)"
"SmartTipSerialNumber","6075060600901977"
"LibraryMatchResult",""
"MixtureMatchResultCount",""
"SERSResult",""
"VerificationMatchResult",""
"VerificationMatchResultColor","#00ffffff"
"RescanResult",""
"RescanScanNumber",""
"RescanFinished",""
"RescanTotalFailed",""
"ContainerNumber",""
"SerialNumber","192601100702034"
"LastCalibrationDate","2025-12-01 12:10:59-05:00"
"LastSST","Pass, 2025-09-30 09:35:39-04:00"
"DeviceName","MIRA XTR DS 192601100702034"
"FoxCreek","8.0.121"
"NorthFork","1.3.0.107"
"WagonHound","8.2.51"
"Kernel","8.19"
"PackageVersion","8.0.3.60"
"SignatureLevel","Unsigned"
"Intensities","46062.51,45975.74,45895.63,45829.54,45785.04,45766.89,45766.92,45773.22,45774.13,45760.27,45724.08,45658.16,45566.12,45472.79,45405.37,45383.62,45388.42,45387.91,45352.27,45285.39,45219.82,45188.68,45201.86,45220.63,45200.27,45107.63,44974.09,44853.71,44797.51,44804.87,44829.74,44824.86,44764.06,44665.93,44554.71,44453.21,44376.68,44337.64,44346.84,44383.91,44401.8,44353.08,44221.39,44053.41,43903.22,43813.35,43766.56,43726.27,43658.19,43561.52,43461.78,43384.89,43343.11,43323.84,43311.91,43291.23,43241.15,43139.83,42969.13,42755.67,42556.41,42427.88,42385.21,42380.23,42359.66,42285.49,42174.86,42057.38,41959.96,41885.08,41821.88,41759.41,41688.76,41603.4,41497,41370.74,41246.56,41149.82,41100.15,41078.91,41051.71,40986.14,40886.62,40791.19,40738.73,40738.69,40742.2,40693.73,40556.12,40375.86,40223.38,40161.73,40171.71,40181.09,40118.39,39969.69,39799.29,39676.79,39641.24,39641.3,39609.17,39489.55,39311.8,39141.01,39039.34,39017.39,39039.81,39069.89,39078.38,39049.51,38969.08,38830.66,38659.11,38487.07,38344.54,38238.13,38161.72,38109.13,38076.06,38060.31,38059.79,38064.3,38045.5,37972.62,37825.29,37633.15,37441.01,37290.58,37191.58,37133.43,37105.14,37088.27,37055.29,36978.26,36850.06,36715.29,36626.18,36619.08,36647.88,36639.68,36529.1,36336.72,36139.46,36013.3,35976.28,35973.73,35946.66,35859.88,35736.13,35606.72,35499.22,35422.89,35381.26,35375.87,35387.16,35382.58,35330.57,35230.48,35117.23,35027.46,34978.91,34948.66,34908.48,34837.78,34748.01,34659.18,34588.62,34530.87,34468.65,34385.52,34284.09,34185.09,34109.71,34063.98,34027.66,33977.98,33899.62,33801.43,33697.14,33599.07,33510.83,33432.62,33364.25,33300.97,33234.71,33157.68,33073.06,32997.9,32950,32934.33,32926.93,32899.95,32832.97,32736.39,32628.69,32527.11,32439.77,32370.34,32321.54,32280.44,32220.96,32117.29,31970.66,31821.2,31711.86,31662.96,31638.14,31592.47,31495.12,31378.96,31294.86,31285.28,31323.19,31346.78,31297.86,31181.82,31057.89,30985.74,30977.71,30979.43,30931.91,30808.76,30661.04,30550.86,30521.21,30536.67,30541.65,30488.35,30384.96,30264.64,30159.14,30080.61,30026.82,29995.01,29976.92,29957.72,29922.33,29862.2,29781.3,29685,29581.33,29486.98,29420.27,29393.41,29385.83,29365.99,29305.96,29210.78,29103.63,29006.95,28928.87,28865.15,28811.23,28766.06,28733.34,28717.01,28712.36,28696.29,28643.45,28540.5,28414.89,28302.56,28233.7,28207,28210.3,28230.63,28247.06,28234.4,28169.36,28059.46,27937.65,27836.86,27767.56,27712.35,27652.29,27578.39,27500.46,27430.24,27374,27322.17,27262.41,27186.77,27106.87,27039.76,26998.88,26972.48,26938.05,26875.49,26792.42,26714.13,26664.89,26643.61,26625.57,26585.68,26516.08,26432.11,26350.61,26280.22,26213.51,26141.24,26060.29,25985.18,25933.56,25916.69,25918.7,25916.44,25889.7,25836.32,25761.35,25670.53,25576.55,25496.05,25444.41,25417.68,25396.47,25361.54,25308.65,25250.22,25199.4,25162.14,25133.37,25107.12,25077.08,25036.28,24977.69,24899.82,24817.99,24750.61,24710.08,24683.1,24649.5,24592.44,24514.95,24427.64,24340.95,24264.49,24207.36,24177.21,24162.6,24138.71,24081.76,23993.06,23897.43,23820.04,23771.21,23742.75,23725.37,23709.01,23682.29,23633.83,23562.86,23491.81,23446.07,23437.79,23440.76,23421.93,23358.08,23263.97,23163.61,23078.9,23021.26,22998.64,23014.85,23044.65,23050.39,22999.38,22905.51,22808.5,22745.54,22718.33,22703.38,22677.46,22630.93,22566.28,22486.62,22400.09,22320.5,22261.7,22226.9,22204.41,22181.51,22152.1,22121.75,22097.15,22076.7,22040.49,21966.27,21848.65,21728.95,21656.28,21660.26,21703.1,21732.46,21708.55,21645.3,21571.27,21510.57,21463.68,21423.06,21382.19,21341.03,21302.28,21267.34,21226.75,21165.57,21071.26,20957.12,20852.1,20783.37,20752.03,20740.33,20730.61,20712.99,20684.25,20641.6,20586.91,20526.75,20467.81,20415.21,20372.15,20341.55,20318.93,20289.55,20238.27,20165.37,20095.79,20056.4,20055.88,20069.34,20068.49,20037.02,19984.25,19922.75,19862.48,19807.01,19758.94,19718.74,19680.87,19638.71,19588.47,19535.45,19486.75,19447.85,19418.17,19395.74,19377.27,19353.79,19314.89,19254,19182.81,19118.45,19075.13,19051.58,19041.39,19037.46,19028.53,19001.84,18947.75,18877.53,18811.11,18765.93,18741.09,18727.26,18715.19,18696.03,18661.17,18603.95,18535.67,18477.33,18447.33,18437.21,18422.78,18382.25,18322.17,18266.93,18238.68,18229.78,18212.56,18161.76,18087.92,18027.16,18013.49,18043.1,18083.59,18103.62,18096.89,18077.07,18057.44,18035.3,17994.69,17920.6,17822.31,17730.17,17673.79,17657.31,17661.81,17668.21,17669.05,17667.7,17667.68,17667.45,17660.6,17640.86,17609.15,17573.45,17541.57,17511.98,17473.71,17416.11,17343.92,17277.62,17237.46,17224.43,17219.75,17204.39,17173.63,17137.41,17106.01,17081.57,17057.85,17028.47,16991.91,16951.68,16911.15,16865.57,16801.94,16708.03,16597.72,16511.18,16487.71,16524.56,16577.46,16601.78,16581.73,16529.35,16457.82,16380.88,16312.82,16267.19,16243.38,16227.85,16207.2,16178.85,16149.81,16126.75,16105.77,16073.9,16019.17,15948.96,15886.49,15854.04,15854.52,15875.74,15905.05,15928.25,15929.97,15896.89,15841.74,15795.34,15785.85,15806.33,15826.96,15819.92,15782.66,15728.08,15668.78,15612.38,15563.72,15527.46,15507.18,15505.89,15524.75,15550.05,15560.84,15539.84,15496.6,15452.6,15425.31,15405.49,15373.11,15313.83,15247.12,15204.84,15210.31,15241.52,15261.54,15242.58,15199.93,15161.64,15148.59,15151.82,15154.5,15143.63,15120.29,15088.85,15053.58,15018.49,14987.54,14962.37,14938.11,14908.73,14871.2,14830.06,14791.06,14758.27,14732.06,14712.34,14698.07,14683.8,14662.82,14632.1,14603.32,14591.75,14605.44,14627.3,14634.86,14615.25,14584.02,14561.93,14558.29,14553.37,14523.04,14459.43,14389.93,14346.31,14342.52,14359.68,14375.57,14377.65,14368.56,14352.17,14328.9,14294.68,14245.45,14187.14,14136.73,14111.07,14113.37,14134.16,14163.38,14189.01,14197.57,14177.39,14138.09,14102.76,14091.69,14099.04,14105.46,14095.05,14075.94,14066.28,14078.73,14097.07,14095.54,14058.36,14010.67,13988.1,14009.94,14043.43,14045.61,13996.97,13936.01,13909.71,13938.19,13990.06,14028.51,14036.18,14024.8,14008.22,13992.98,13977.16,13958.65,13941.02,13932.96,13942.67,13969.97,14008.84,14053.61,14102.39,14155.34,14212.33,14271.5,14330.31,14385.58,14431.21,14460.27,14471.24,14480.35,14507.44,14557.8,14602.22,14606.74,14557.64,14476.14,14386.71,14305.12,14236.13,14183.58,14146.45,14119.31,14096.26,14068.03,14023.03,13952.82,13874.36,13816.78,13802.5,13817.65,13836.25,13839.39,13833.99,13832.77,13842.54,13855.42,13861.36,13856.7,13848.68,13845.27,13844.34,13831.76,13794.02,13739.28,13693.65,13680.18,13686.92,13682.02,13638.96,13565.23,13481.28,13404.75,13342.21,13297.49,13267.79,13233.46,13172.5,13083.23,12998.2,12952.26,12954.85,12986.96,13028.31,13061.87,13073.06,13049.98,13002.18,12949.58,12909.91,12889.71,12892.13,12915.13,12941.1,12949.62,12930.09,12890.57,12841.2,12794.22,12764.36,12764.87,12784.4,12792.59,12763.33,12708.94,12660.4,12641.6,12642.36,12642.48,12630.03,12615.83,12614.54,12631,12653.67,12669.57,12668.69,12644.11,12591.01,12526.94,12483.71,12485.8,12511.01,12519.37,12484.52,12427.53,12379.69,12358.47,12353.67,12352.06,12348.1,12345.46,12347.7,12350.04,12341.69,12314.07,12274.1,12235.15,12208.3,12196.19,12199.51,12213.14,12220.16,12202.83,12161.3,12116.66,12089.64,12082.04,12082.79,12081.98,12078.05,12072.62,12067.2,12062.85,12060.57,12061.36,12066.19,12075.93,12088.21,12097.58,12099.48,12099.44,12108.46,12133.89,12165.69,12188.86,12195,12191.63,12188.4,12187.85,12183.49,12168.73,12144.13,12115.33,12088.29,12070.61,12070.45,12089.86,12112.73,12119.81,12105.05,12082.57,12067.46,12062.24,12059.27,12051.73,12040.69,12030.56,12025.02,12025.24,12031.84,12043.62,12056.35,12065.5,12066.59,12055.15,12029.22,12004.8,12005.65,12043.42,12089.8,12108.69,12089.99,12065.12,12066.91,12090.31,12099.64,12065.77,12008.09,11965.3,11962.29,11983.5,12006.28,12020.1,12031.52,12047.18,12058.81,12047.79,12002.4,11948.5,11924.17,11948.43,11995.67,12034.51,12052.52,12058.39,12061.63,12068.82,12085.01,12111.07,12131.97,12129.05,12100.95,12075.73,12082.2,12114.32,12138.01,12125.68,12093.42,12073.34,12083.28,12105.21,12116.07,12108.64,12093.76,12082.08,12074.15,12065.24,12052.45,12039.4,12031.21,12032.6,12047.75,12079.74,12117.87,12141.98,12138.05,12122.06,12118.73,12141.34,12180.91,12225.75,12261.09,12269.54,12239.62,12195.37,12173.89,12195.92,12243.85,12294.94,12334.92,12358.01,12360.56,12350.99,12342.93,12346.5,12362.38,12389.57,12424.5,12460.69,12490.99,12504.19,12487.16,12438.66,12391.69,12384.37,12420.22,12462.27,12475.61,12461.22,12437.51,12418.27,12403.42,12390.45,12379.85,12375.59,12380.66,12388.92,12389.89,12379.04,12368.42,12372.42,12390.79,12407.2,12407.83,12402.62,12411.82,12444.66,12482.62,12503.9,12508.73,12518.75,12552.31,12601.87,12650.23,12685.78,12708.84,12721.49,12729.78,12743.04,12767.24,12791.44,12799.76,12789.41,12779.93,12790.95,12816.64,12834.52,12828.6,12807.9,12786.9,12770.13,12749.14,12716.56,12680.9,12658.39,12654.97,12649.46,12617.62,12563.83,12519.7,12511.08,12526.31,12541.15,12539.49,12519.82,12483.41,12445.84,12432.12,12456.66,12496.58,12521.36,12516.29,12485.38,12436.59,12397.05,12401.81,12458.86,12518.75,12528.94,12498.94,12484.38,12523.62,12583.46,12614.24,12602.82,12582.3,12583.68,12601.42,12614.13,12607.88,12584.82,12549.72,12514.31,12495.46,12502.99,12520.64,12526.61,12513.76,12492,12473.95,12482.81,12545.58,12654.11,12735.89,12720.23,12632.65,12557.2,12552.44,12600.39,12669.37,12730.71,12758.48,12735.67,12685.64,12642.98,12627.29,12637.86,12670.39,12705.44,12717.09,12697.08,12671.84,12669.75,12694.19,12733,12772.01,12792.28,12775.76,12737.14,12719.54,12753.06,12810.84,12852.4,12864.54,12866.13,12874.18,12884.64,12886.17,12874.57,12856.87,12841.14,12836.28,12851.48,12884.61,12910.69,12904.55,12869.68,12826.95,12794.47,12782.59,12799.09,12832.33,12855.96,12849.39,12812.12,12748.67,12681.67,12650.36,12679,12728.8,12746.79,12726.85,12713.85,12742.88,12788.95,12809.88,12797.29,12785.33,12803.11,12835.65,12852.94,12844.73,12829,12823.71,12832.6,12853.64,12876.86,12879.8,12846.31,12813.25,12839.82,12931.45,13002.06,12973.42,12897.54,12886.07,12976.82,13074.82,13085.17,13026.99,12974.05,12965.73,12977.35,12980.85,12977.56,12983.16,13007.46,13049.38,13105.14,13159.14,13190.06,13183.54,13137.89,13057.09,12978.45,12954.56,13001.17,13070.42,13114.38,13131.02,13138.39,13148.57,13163.81,13185.28,13212.59,13244.64,13276.59,13298.1,13301.01,13292.48,13284.83,13277.51,13253.28,13202.34,13157.79,13164.4,13216.69,13252.56,13228.49,13191.77,13210.76,13293.85,13392.12,13462.59,13490.95,13470.82,13425.06,13399.68,13423.27,13474.78,13526.06,13564.8,13588.85,13601,13614.3,13641.62,13682.5,13729.72,13771.85,13790.48,13773.39,13750.19,13765.52,13828.34,13902.75,13959.34,14010.52,14078.82,14157.54,14212.58,14226.83,14239.32,14294.94,14373.17,14409.16,14376.79,14335.84,14347.09,14388.57,14399.61,14364.63,14336.18,14358.93,14407.64,14435.84,14426.07,14390.61,14346.92,14324.55,14351.47,14402.13,14414.41,14362.06,14295.5,14265.96,14259.54,14234.42,14181.45,14135.29,14121.65,14114.39,14075.63,14005.54,13936.39,13891.71,13870.33,13866.33,13865.77,13850.9,13821.83,13805.52,13822.71,13853.85,13868.78,13863.22,13855.91,13858.22,13860.31,13849.64,13820.05,13769.17,13717.72,13719.9,13808.59,13910.81,13930.71,13880.09,13858.04,13910.48,13956.18,13912.07,13810.59,13733.43,13715.1,13732.68,13762.52,13790.73,13806.97,13818.04,13841.54,13875.1,13881.75,13834.22,13771.99,13752.83,13780.49,13811.46,13822.74,13843.28,13900.8,13961.68,13967.71,13913.63,13854.35,13832.19,13840.73,13864.57,13891.6,13911.57,13921.13,13926.56,13930.17,13916.52,13869.78,13819.35,13823.34,13896.2,13980.38,14022.89,14021.11,13987.27,13946.28,13932.06,13949.25,13949.04,13896.45,13851.63,13896.85,14006.9,14073.15,14047.66,14002.47,14005.21,14032.04,14033.07,14003.69,13975,13963.66,13957,13945.83,13954.37,14012.54,14081.94,14072.86,13975.01,13922.75,14018.28,14148.41,14152.93,14058.34,14019.49,14089.72,14155.24,14122.7,14039.37,13981.96,13971.32,13994.58,14031.17,14050.76,14036.22,14015.34,14020.63,14048.91,14079.57,14096.25,14087.43,14056.46,14042.99,14080.02,14125.28,14113,14063.13,14067.65,14149.17,14197.73,14130.9,14047.63,14080.37,14190.53,14236.79,14184.13,14139.48,14173.01,14219.98,14204.64,14143.44,14089.85,14067.46,14072.9,14093.23,14099.35,14070.15,14025.76,13995.49,13992.01,14018.04,14065.13,14111.65,14137.07,14125.5,14071.7,14025.14,14047.53,14113.26,14135.53,14087.49,14029.95,14012.72,14032.65,14075.56,14118.83,14138.01,14134.27,14129.18,14132.08,14132.02,14120.75,14104.43,14090.83,14078.79,14064.48,14061.92,14099.42,14175.84,14242.77,14261.76,14239.31,14191.78,14142.65,14116.47,14110.1,14099.28,14078.91,14072.44,14096.56,14142.94,14194.81,14212.79,14156.62,14071.27,14055.79,14126.51,14198.57,14216.99,14207.38,14202.1,14215.31,14251.44,14273.04,14224.46,14118.51,14030.96,14003.69,14018.75,14053.44,14087.83,14106.25,14114.92,14125.11,14115.82,14047.44,13941.14,13886.11,13932.5,14047.28,14179.07,14246.3,14183.23,14071.55,14042.88,14108.2,14195.25,14251.92,14251.92,14187.23,14083.31,13976.11,13923.82,13970.65,14042.58,14031.7,13967.5,13965.13,14039.9,14099.36,14089.37,14032.07,13964.31,13943.16,14007.62,14086.12,14082.84,13998.82,13887.01,13818.09,13874.84,14037.12,14146.94,14113.15,14008.45,13914.57,13870.45,13896.28,13956.99,14001.57,14020.41,14027.03,14020.71,13988.27,13939.83,13917.71,13932.44,13922.53,13848.24,13772.96,13765.54,13809.15,13860.77,13896.36,13902.87,13886.8,13869.31,13862.16,13865.72,13869.79,13847.39,13792.13,13753.7,13769.16,13793.14,13771.66,13717.57,13668.4,13663.55,13737.69,13838.27,13848.6,13759.68,13682.97,13682.53,13737.71,13810.76,13842.35,13800.94,13755.42,13770.06,13789.8,13741.73,13676.32,13685.5,13745.41,13767.68,13738.77,13706.14,13689.38,13675.07,13650.06,13604.44,13548.31,13532.3,13575.84,13596.28,13526.6,13430.88,13391.65,13418.21,13491.84,13567.16,13589.95,13541.22,13427.64,13325.34,13357.67,13483.23,13496.4,13363.33,13282.88,13343.27,13420.55,13416.62,13333.81,13208.67,13136.7,13179.63,13239.2,13215.37,13170.28,13191.84,13235.35,13220.64,13179.14,13184.24,13199.64,13134.49,13034.38,13035.52,13119.49,13135.03,13062.16,13023.55,13060.96,13103.8,13111.69,13102.26,13096.95,13114.92,13149.36,13136.79,13035.94,12884.47,12749.41,12749.2,12932.06,13045.33,12868.89,12640.8,12651.8,12802.38,12893.32,12893.99,12837.89,12761.59,12699.65,12658.87,12631.8,12607.87,12575.54,12532.29,12483.27,12459,12502.49,12571.53,12562.59,12486.5,12450.82,12468.22,12459.38,12392.19,12288.96,12209.98,12252.4,12404.21,12518.56,12488.39,12272.92,11978.42,11906.12,12113,12273.48,12231.84,12147.92,12115.81,12075.52,11999,11938.08,11924.85,11941.5,11961.9,11954.23,11902.12,11819.95,11725.17,11634.5,11587.91,11670.7,11856.8,11886.62,11664.1,11480.17,11503.3,11559.67,11540.96,11553.09,11620.13,11553.91,11324.12,11255.83,11472.44,11635.05,11541.79,11341.98,11179.94,11121.73,11172.68,11247.47,11279.77,11249.79,11158.71,11034.36,10930.33,10933.31,11062.75,11239.62,11349.09,11245.59,10992.79,10901.33,10993.54,10961.88,10781.2,10725.64,10809.71,10798.8,10661.44,10545.19,10506.92,10524.42,10534.5,10460.01,10378.24,10441.81,10578.58,10609,10523.38,10395.12,10282.08,10222.4,10175.77,10087.75,9985.256,9919.512,9931.704,10035.55,10152.03,10201.91,10174.6,10074.18,9907.955,9719.184,9628.822,9682.535,9766.198,9771.03,9627.512,9405.576,9344.025,9470.371,9578.827,9605.15,9618.186,9631.305,9614.515,9547.748,9422.988,9276.675,9165.335,9136.052,9206.146,9266.089,9211.382,9102.216,9020.368,8997.015,9027.722,9048.288,9001.994,8861.926,8688.521,8651.116,8738.638,8749.136,8665.241,8617.445,8581.078,8450.797,8297.285,8245.641,8233.137,8168.338,8129.292,8179.964,8200.768,8102.775,7947.079,7807.632,7743.62,7754.788,7770.391,7744.932,7665.8,7591.443,7608.942,7656.063,7626.607,7575.121,7571.313,7531.028,7382.557,7184.25,7015.4,6952.262,6978.174,6962.58,6919.205,6983.763,7068.248,6983.726,6899.98,7045.872,7146.828,6944.351,6719.434,6687.971,6698.445,6618.59,6417.067,6176.297,6069.628,6105.66,6182.946,6221.208,6184.92,6196.643,6304.138,6209.877,5874.025,5838.437,6107.533,5997.344,5619.717,5659.486,5863.295,5655.942,5417.162,5570.514,5662.91,5409.844,5208.11,5217.388,5206.044,5120.726,5063.403,5058.068,5074.478,5021.744,4864.281,4778.659,4842.441,4897.156,4878.943,4848.304,4821.921,4781.621,4699.75,4562.851,4422.748,4327.177,4281.906,4245.481,4134.775,4034.097,4117.22,4255.805,4239.395,4081.255,3897.333,3900.162,4037.674,3927.926,3674.586,3687.02,3768.031,3610.825,3521.235,3677.02,3695.025,3503.186,3448.675,3504.667,3434.628,3356.654,3408.34,3375.052,3217.91,3285.898,3481.24,3321.665,2932.029,2689.211,2664.673,2795.635,2908.169,2896.791,2765.323,2628.197,2627.271,2681.554,2681.791,2648.379,2604.352,2545.787,2467.064,2369.316,2294.644,2279.349,2293.415,2268.596,2110.623,1931.24,1965.529,2164.128,2354.283,2347.232,2131.712,1958.669,1894.669,1864.613,1914.072,2049.458,2032.352,1832.77,1751.441,1823.152,1883.212,1790.142,1580.826,1685.219,1965.395,1659.593,1147.568,1202.32,1380.995,1280.086"
