"Name","Scan 00728"
"Id","d1af867a-a0a8-11f1-99b9-1f041d809ab3"
"Version","1"
"Firstwavenumber","400"
"LastWavenumber","2300"
"Range","400 - 2300 cm-1"
"Wavelength","785"
"UserName","Default"
"CreatedDate","2026-08-25 13:17:36-04:00"
"ModifiedDate","2026-08-25 13:17:36-04:00"
"ScanNumber","00728"
"HazardLevel","Warning"
"HazardColor","#ffd582"
"SampleHazardType","Pharmaceutical"
"Comment",""
"ProductId",""
"LotId",""
"BatchId",""
"Container",""
"Supplier",""
"OpName","Default Procedure"
"OpVersion","1"
"SmartAcquire","On"
"IntTime","10.00"
"AutoInt","On"
"Averages","3"
"LaserPower","5"
"Bdm","Off"
"SmartTipName","Intelligent UA, Bag (Position 2)"
"SmartTipSerialNumber","6075060600901977"
"LibraryMatchResult",""
"MixtureMatchResultCount","1"
"SERSResult",""
"VerificationMatchResult",""
"VerificationMatchResultColor","#00ffffff"
"MixtureResults_1/Name","Zolpidem"
"MixtureResults_1/FirstWavenumber","400"
"MixtureResults_1/LastWavenumber","2300"
"MixtureResults_1/ResultScore","0.99"
"MixtureResults_1/CAS",": 82626-48-0"
"MixtureResults_1/HazardLevel","Warning"
"MixtureResults_1/HazardColor","#ffd582"
"MixtureResults_1/SampleType","Pharmaceutical"
"MixtureResults_1/HazardComment","Misused Prescription Drug"
"MixtureResults_1/MatchLibraryName","Illicit and General Chemicals"
"MixtureResults_1/MatchLibraryVersion","44"
"MixtureResults_1/Intensities",42.35156,98.60474,158.2579,226.5901,307.6123,403.1663,512.3066,631.1067,752.8848,868.792,968.6443,1041.879,1078.573,1070.391,1011.515,899.4021,735.2961,524.3872,275.4475,0,0,0,0,0,0,0,0,0,0,0,0,0,0,0,17.88818,55.58057,114.2344,195.0537,298.8252,425.3486,572.8594,737.5093,913.0601,1090.919,1260.609,1410.673,1529.954,1609.013,1641.468,1624.938,1561.396,1456.888,1320.632,1163.731,997.7617,833.4829,679.8613,543.5171,428.5708,336.813,268.0884,220.7412,192.0908,178.8008,177.2017,183.5234,194.1196,205.6436,215.2432,220.7168,220.6528,214.4854,202.4912,185.7124,165.8281,145.0161,125.8154,111.022,103.6323,106.8032,123.8579,158.2896,213.7407,293.9287,402.4507,542.4458,716.083,923.9404,1164.309,1432.57,1720.749,2017.445,2308.194,2576.386,2804.712,2977.024,3080.333,3106.704,3054.542,2929.069,2741.764,2508.845,2249.094,1981.418,1722.62,1485.775,1279.351,1107.194,969.1284,861.9824,780.7524,719.6724,673.0181,635.6177,603.0571,571.7085,538.6265,501.4697,458.5059,408.6494,351.5889,287.8247,218.665,146.0605,72.35693,0,0,0,0,0,0,0,0,0,0,0,0,0,0,0,0,0,0,0,0,0,0,13.63086,28.646,44.60938,60.84766,76.46875,90.42139,101.6216,109.0791,112.062,110.2251,103.6973,93.09082,79.4585,64.18018,48.83887,35.09473,24.57471,18.80713,19.19189,27.00781,43.44629,69.68848,106.9546,156.5649,219.9399,298.5186,393.6201,506.1694,636.4009,783.4736,945.1357,1117.46,1294.742,1469.66,1633.718,1777.996,1894.113,1975.312,2017.412,2019.506,1984.223,1917.474,1827.725,1724.904,1619.096,1519.267,1432.191,1361.786,1308.938,1271.817,1246.626,1228.578,1212.903,1195.692,1174.397,1147.95,1116.553,1081.288,1043.662,1005.315,967.8975,933.1089,902.8555,879.3643,865.2446,863.4023,876.853,908.4292,960.4185,1034.178,1129.713,1245.362,1377.581,1520.999,1668.73,1813.029,1946.143,2061.31,2153.672,2220.987,2264.006,2286.498,2294.919,2297.792,2304.816,2325.805,2369.467,2442.187,2546.965,2682.747,2844.269,3022.519,3205.743,3380.777,3534.442,3654.745,3731.728,3757.906,3728.381,3640.87,3495.691,3295.876,3047.296,2758.63,2441.022,2107.371,1771.167,1445.248,1140.527,865.1177,623.8887,418.5615,248.2119,110.0044,0,0,0,0,0,0,0,0,0,0,0,0,0,0,0,0,0,50.61719,114.02,191.2583,282.5854,387.0566,502.1958,623.8687,746.4697,863.478,968.3164,1055.333,1120.604,1162.369,1180.92,1178.094,1156.524,1118.998,1068.113,1006.289,935.9985,860.0088,781.4063,703.3477,628.6455,559.311,496.3589,439.8579,389.3281,344.2446,304.5435,270.9482,245.0747,229.3003,226.4878,239.6011,271.3374,323.7446,397.9717,494.0903,611.0869,746.9712,899.0054,1063.918,1238.046,1417.307,1597,1771.508,1934.059,2076.753,2191.029,2268.614,2302.874,2290.307,2231.727,2132.782,2003.469,1856.674,1706.003,1563.46,1437.519,1332.114,1246.687,1177.156,1117.459,1061.16,1002.796,938.6294,866.915,787.6831,702.3247,613.0864,522.6357,433.7227,348.9429,270.5654,200.4404,139.9351,89.93408,50.89502,22.94873,6.029785,0,0,0,0,0,0,0,93.29639,213.0063,365.9136,560.3442,806.0215,1113.635,1494.011,1956.818,2508.696,3150.971,3877.167,4670.802,5504.175,6338.721,7127.439,7819.474,8366.221,8727.971,8879.77,8815.131,8546.852,8104.834,7531.323,6874.834,6183.853,5501.563,4862.346,4290.297,3799.582,3396.076,3079.599,2846.003,2688.719,2599.536,2568.696,2584.646,2633.826,2700.891,2769.57,2824.142,2851.252,2841.643,2791.322,2701.881,2579.841,2435.299,2280.198,2126.723,1986.041,1867.645,1779.123,1726.298,1713.451,1743.493,1817.989,1937.013,2098.932,2300.273,2535.833,2799.156,3083.443,3382.714,3692.977,4013.031,4344.529,4691.132,5056.783,5443.453,5848.865,6264.777,6676.362,7062.957,7400.236,7663.452,7831.204,7888.902,7831.166,7662.525,7396.407,7052.626,6654.169,6224.087,5783.066,5348.047,4931.792,4543.144,4187.565,3867.816,3584.477,3336.44,3121.256,2935.421,2774.525,2633.346,2505.892,2385.539,2265.399,2138.916,2000.709,1847.408,1678.284,1495.443,1303.502,1108.807,918.3779,738.8672,575.7236,432.7031,311.7598,213.2212,136.1338,78.66992,38.50586,13.11719,0,0,0,0,0,0,0,0,0,0,0,0,0,0,0,0,0,0,0,33.61816,76.90967,136.4731,220.7314,340.2397,508.0078,739.8809,1054.787,1474.736,2024.342,2729.553,3615.341,4702.025,6000.183,7504.333,9186.3,10989.67,12827.48,14585.08,16129.75,17326.57,18058.55,18246.72,17865.1,16946.6,15577.8,13883.92,12007.87,10088.63,8243.949,6559.845,5087.931,3848.776,2838.929,2039.09,1421.563,956.0249,613.4038,368.0947,198.9131,89.15674,26.08105,0,3.707031,30.09912,72.80615,125.396,181.5259,235.4814,282.9155,321.5059,351.2866,374.501,395.0054,417.4248,446.2847,485.3301,537.1797,603.3062,684.2661,780.0942,890.7744,1016.729,1159.266,1320.967,1505.943,1719.845,1969.554,2262.407,2604.877,3000.733,3448.813,3940.829,4459.741,4979.376,5465.832,5880.879,6187.058,6353.538,6361.45,6207.324,5903.729,5476.941,4962.275,4398.333,3821.552,3262.095,2741.714,2273.45,1862.757,1509.409,1209.571,957.6226,747.5103,573.6055,431.126,316.2686,226.1665,158.7817,112.8008,87.5498,82.93359,99.37988,137.7793,199.4014,285.7725,398.4937,539.0161,708.3306,906.6304,1132.952,1384.92,1658.618,1948.743,2249.04,2552.956,2854.378,3148.151,3430.184,3696.914,3944.291,4166.559,4355.367,4499.745,4587.205,4605.884,4547.174,4408.021,4192.194,3910.063,3577.016,3211.035,2830.107,2450.211,2084.1,1740.982,1426.827,1144.967,896.7393,682.0259,499.6494,347.7383,224.0225,126.1528,52.01367,0,0,0,14.80518,52.79492,116.2813,208.4277,333.2461,495.5024,700.4429,953.2305,1258.095,1617.216,2029.586,2489.993,2988.496,3510.576,4037.982,4550.179,5026.077,5445.605,5790.956,6047.278,6203.067,6250.365,6185.095,6007.552,5722.944,5341.779,4879.765,4357.045,3796.748,3222.958,2658.517,2123.006,1631.315,1192.971,812.3018,489.1987,220.2632,0,0,0,0,0,0,0,0,0,0,0,0,0,0,0,0,0,0,0,0,0,0,0,0,0,0,0,0,0,0,0,0,0,53.61914,108.8257,164.4346,219.5771,273.9712,328.1191,383.356,441.7188,505.6509,577.6147,659.7256,753.4697,859.5664,977.9287,1107.653,1246.994,1393.313,1543.053,1691.923,1835.331,1969.113,2090.401,2198.342,2294.388,2381.936,2465.343,2548.49,2633.316,2718.703,2800.03,2869.562,2917.562,2933.945,2910.042,2840.15,2722.55,2559.813,2358.408,2127.742,1878.861,1623.119,1370.993,1131.239,910.4482,712.9688,541.1074,395.501,275.5518,179.8335,106.4717,53.45752,18.92236,1.385742,0,0,0,0,0,0,0,184.2417,423.2798,728.4634,1111.418,1582.777,2150.461,2817.689,3581.017,4428.951,5341.603,6291.669,7246.655,8171.856,9033.297,9800.068,10445.75,10949.23,11295.37,11475.98,11490.95,11349.1,11067.95,10671.96,10189.37,9648.489,9074.494,8487.422,7901.914,7328.248,6774.082,6246.074,5750.851,5295.198,4885.482,4526.7,4221.489,3969.384,3766.575,3606.221,3479.357,3376.149,3287.307,3205.261,3124.89,3043.635,2961.051,2877.963,2795.499,2714.246,2633.696,2552.115,2466.794,2374.593,2272.612,2158.812,2032.416,1894.021,1745.42,1589.249,1428.57,1266.494,1105.939,949.5073,799.4536,657.7471,526.1162,406.1118,299.1611,206.5879,129.6372,69.47559,27.18555,3.741699,0,0,0,0,0,0,0,0,0,0,0,0,323.333,681.334,1068.925,1477.443,1894.945,2307.354,2700.449,3062.159,3384.611,3665.229,3906.521,4114.656,4297.371,4461.959,4614.019,4757.128,4893.302,5023.633,5148.767,5268.956,5383.877,5492.538,5593.36,5684.534,5764.19,5830.192,5879.369,5906.509,5903.622,5860.124,5764.188,5605.088,5375.873,5075.545,4709.995,4291.518,3837.081,3365.934,2897.138,2447.536,2030.361,1654.589,1324.943,1042.374,804.9189,608.6606,448.7148,320.0493,218.0757,138.9629,79.72021,38.04688,12.0708,0,0,0,0,0,18.55029,32.23242,38.77832,37.55469,29.78564,18.32422,7.041016,0,0,0,0,0,0,0,0,0,0,0,0,0,0,0,0,476.8643,1004.589,1564.91,2134.5,2688.022,3201.775,3657.189,4043.225,4357.078,4603.312,4791.95,4936.409,5051.956,5154.958,5262.566,5392.313,5561.065,5783.261,6068.718,6420.718,6835.092,7300.808,7802.338,8323.32,8850.994,9380.256,9916.506,10476.19,11084.93,11773.15,12570.26,13498.18,14565.79,15765.23,17070.7,18439.88,19817.75,21141.84,22348.51,23378.93,24184.29,24729.52,24994.9,24975.76,24680.29,24126.34,23337.99,22343.05,21171.71,19856.53,18433.09,16940.43,15420.5,13916.46,12469.87,11117.69,9889.521,8805.857,7877.553,7106.248,6485.555,6002.635,5639.79,5376.089,5188.808,5054.914,4952.479,4862.063,4767.966,4659.166,4529.72,4378.578,4208.714,4025.791,3836.575,3647.531,3463.764,3288.605,3123.723,2969.643,2826.466,2694.504,2574.698,2468.762,2379.026,2308.052,2258.133,2230.7,2225.828,2241.813,2274.948,2319.552,2368.254,2412.599,2443.873,2454.104,2437.023,2388.854,2308.752,2198.753,2063.304,1908.467,1740.952,1567.228,1392.817,1221.954,1057.434,900.7842,752.5049,612.377,479.6943,353.4473,232.3936,115.1133,0,0,0,0,0,0,0,0,0,0,0,0,0,0,0,0,0,0,0,0,0,0,0,0,0,0,0,0,0,0,0,0,0,0,0,0,0,0,0,0,0,0,0,0,0,0,0,0,384.8545,807.9009,1256.117,1710.758,2148.394,2543.167,2869.969,3107.946,3243.492,3272.046,3198.279,3034.785,2799.689,2513.831,2198.15,1871.664,1550.208,1245.943,967.4336,720.1987,507.4243,330.7798,191.1162,88.99561,25.02686,0,0,0,0,0,0,0,0,0,0,309.8193,617.2471,915.4697,1202.292,1482.091,1767.271,2078.937,2446.756,2907.998,3506.001,4288.128,5303.264,6598.626,8215.554,10183.84,12514.44,15191.05,18161.92,21333.99,24572.44,27708.05,30553.71,32928.31,34683.96,35729.83,36046.01,35683.16,34747.84,33377.63,31713.43,29876.32,27954.25,25999.93,24037.73,22075.08,20114.01,18159.34,16222.38,14320.87,12476.54,10712.17,9049.206,7506.315,6098.816,4838.475,3733.402,2787.984,2002.886,1375.297,899.5039,567.7773,371.4189,301.8369,351.5029,514.7598,788.4092,1172.16,1668.885,2284.705,3028.894,3913.6,4953.378,6164.586,7564.743,9171.776,11003.14,13074.45,15397.56,17977.5,20808.73,23870.64,27123.59,30506.37,33935.93,37310.49,40515.69,43433.21,45951.05,47973.41,49429.32,50278.3,50512.18,50152.98,49247.08,47857.38,46054.96,43912.16,41498.48,38879.25,36116.23,33269.38,30397.55,27558.08,24804.7,22184.53,19735.09,17482.15,15438.93,13606.87,11977.5,10534.94,9258.671,8125.87,7113.497,6199.806,5365.515,4594.662,3875.145,3198.937,2561.93,1963.354,1404.868,889.4746,420.3672,0,0,0,0,0,0,0,0,0,0,0,0,0,0,0,0,0,0,0,0,0,0,0,0,0,0,0,0,0,0,0,0,0,0,0,0,0,0,0,0,0,0,0,0,0,0,0,0,0,0,0,0,0,0,0,0,0,0,0,0,0,0,0,0,0,0,0,0,0,0,0,0,0,0,0,0,0,0,0,0,0,0,0,0,0,0,0,0,0,0,0,0,0,0,0,0,0,0,0,0,0,0,0,0,0,0,0,0,0,0,0,0,0,0,0,0,0,0,0,0,0,0,0,0,0,0,0,0,0,0,0,0,0,0,0,0,0,0,0,0,0,0,0,0,0,0,0,0,0.3254395,1.43335,3.309692,5.897217,9.096313,12.76685,16.73926,20.82422,24.82361,28.54004,31.78723,34.39868,36.23804,37.20691,37.24915,36.34204,34.49524,31.74036,28.12488,23.71204,18.58716,12.84973,6.615723,0,0,0,0,0,0,0,0,0,0,0,0,0,0,0,0,0,0,0,0,0,0,0,0,0,0,0,0,0.4486084,1.309082,2.525513,4.048584,5.85083,7.927124,10.29077,12.94714,15.86658,18.96851,22.11829,25.14404,27.86572,30.12866,31.82837,32.91492,33.38477,33.26196,32.57886,31.36829,29.66748,27.53052,25.03772,22.29968,19.44653,16.61365,13.92188,11.46497,9.293457,7.406128,5.730103,4.110229,2.304443,0,0,0,0,0,0,0,0,0,0,0,0,0,0,0,0,0,0,0,0,0,0,0,0,0,0,0,0,0,0,0,0,0,0,0,0,0,0,0,0,0,0,0,0,0,0,0,0,0,0,0,0,0,0,0,0,0,0,0,0,0,0,0,0,0,0,0,0,0,0,0,0,0,0,0,0,0,0,0,0,0,0,0,0,0,0,0,0,0,0,0,0,0,0,0,0,0,0,0,0,0,0,0,0,0,0,0,0,0,0,0,0,0,0,0,0,0,0,0,0,0,0,0,0,0,0,0,0,0,0,0,0,0,0,0,0,0,0,0,0,0,0,0,0,0,0,0,0,0,0,0,0,0,0,0,0,0,0,0,0,0,0,0,0,0,0,0,0,0,0,0,0,0,0,0,0,0,0,0,0,0,0,0,0,0,0,0,0,0,0,0,0,0,0,0,0,0,0,0,0,0,0,0,0,0,0,0,0,0,0,0,0,0,0,0,0,0,0,0,0,0,0,0,0,0,0,0,0,0,0,0,0,0,0,0,0,0,0,0,0,0,0,0,0,0,0,0,0,0,0,0,0,0,0,0,0,0,0,0,0,0,0,0,0,0,0,0,0,0,0,0,0,0,0,0,0,0,0,0,0,0,0,0,0,0,0,0,0,0,0,0,0,0,0,0,0,0,0,0,0,0,0,0,0,0,0,0,0,0,0,0,0,0,0,0,0,0,0,0,0,0,0,0,0,0,0,0,0,0,0,0,0,0,0,0,0,0,0,0,0,0,0,0,0,0,0,0,0,0,0,0,0,0,0,0,0,0,0,0,0,0,0,0,0,0,0,0,0,0,0,0,0,0,0,0,0,0,0,0,0,0,0,0,0,0,0,0,0,0,0,0,0,0,0,0,0,0,0,0,0,0,0,0,0,0,0,0,0,0,0,0,0,0,0,0
"MixtureResults_1/Reprocess","No"
"MixtureResults_1/RamanContribution","49%"
"RescanResult",""
"RescanScanNumber",""
"RescanFinished",""
"RescanTotalFailed",""
"ContainerNumber",""
"SerialNumber","192601100702034"
"LastCalibrationDate","2025-12-01 12:10:59-05:00"
"LastSST","Pass, 2025-09-30 09:35:39-04:00"
"DeviceName","MIRA XTR DS 192601100702034"
"FoxCreek","8.0.121"
"NorthFork","1.3.0.107"
"WagonHound","8.2.51"
"Kernel","8.19"
"PackageVersion","8.0.3.60"
"SignatureLevel","Unsigned"
"Intensities","19211.53,19233.56,19214.84,19180.03,19157.34,19168.75,19207.84,19259.99,19310.89,19349.98,19369.59,19362.22,19328.79,19286.45,19254.11,19247.38,19264.47,19297.91,19340.16,19382.47,19415.1,19428.29,19415.13,19374.45,19305.85,19212.38,19116.88,19049.08,19036.78,19074.72,19128.56,19163.21,19158.87,19128.17,19087.86,19051.88,19018.83,18981.9,18934.72,18877.89,18817.98,18761.75,18713.2,18670.85,18632.55,18595.34,18551.84,18493.28,18412.21,18321.21,18248.59,18222.69,18247.93,18285.3,18291.4,18234.51,18135.15,18028.48,17947.33,17897.1,17864.62,17836.5,17804.13,17766.09,17721.61,17672.29,17628.44,17602.29,17604.25,17628.01,17658.1,17679.16,17680.54,17657.32,17604.95,17526.14,17443.65,17383.56,17366.37,17375.44,17378.88,17346.5,17280.74,17213.79,17178.62,17186.79,17207.46,17204.96,17153.73,17074.33,17000.56,16962.92,16955.96,16950.94,16919.45,16857.06,16791.89,16754.31,16760.52,16784.93,16794.35,16761.06,16694.48,16619.69,16560.91,16527.72,16516.63,16523.65,16540.98,16553.7,16546.2,16507.74,16447.08,16377.82,16312.89,16259.22,16220.47,16200.01,16193.8,16189.65,16175.05,16139.85,16079.22,15989.11,15870.85,15752.2,15668.85,15652.1,15685.56,15722.75,15717.9,15659.27,15577.27,15504.79,15463.39,15446.77,15444.39,15444.77,15430.97,15384.35,15289.59,15169.79,15073.25,15047.23,15092.99,15154.07,15170.7,15111.82,15016.41,14933.81,14902.15,14904.34,14905.99,14876.13,14819.16,14761.27,14728.16,14724.16,14729.09,14721.56,14691.77,14654.91,14629.41,14626.73,14628.85,14609.89,14548.32,14460.14,14380.8,14344.16,14350.39,14367.52,14362.65,14322.27,14266.36,14218.15,14192.93,14180.23,14164.32,14132.93,14095.37,14069.37,14070.82,14091.14,14104.26,14084.43,14026.87,13953.35,13887.18,13841.58,13806.98,13770.78,13724.53,13677.35,13642.91,13632.7,13641.26,13654.94,13660.53,13652.1,13629.86,13594.26,13550.08,13508.28,13480.23,13470.67,13467.61,13456.56,13427.4,13389.72,13358.68,13347.21,13349.73,13351.42,13338.27,13310.55,13280.71,13261.3,13255.84,13255.11,13248.98,13230.72,13201.68,13164.37,13120.74,13070.37,13012.23,12946.56,12882.84,12834.66,12814.29,12816.29,12822.16,12813.61,12786.05,12751.22,12721.65,12702.9,12687.05,12664.7,12631.29,12597.6,12577.46,12580.18,12591.03,12587.22,12549.06,12485.25,12420.07,12376.7,12358.04,12349.39,12335.74,12311.65,12284.51,12262.55,12249.13,12237.31,12218.83,12189.87,12161.49,12147.89,12158.77,12179.04,12185.13,12155.87,12091.92,12005.75,11910.3,11825.7,11777.99,11792.31,11859.62,11928.44,11945.19,11889.67,11804.01,11737.04,11718.19,11721.5,11711.23,11660.97,11585.74,11512.09,11463.62,11443.74,11447.17,11468.25,11496.58,11518.79,11521.99,11502.42,11464.86,11414.52,11360.16,11315.47,11294.32,11299.46,11311.91,11310.24,11282.33,11242.72,11210.69,11200.22,11202.72,11203.55,11190.87,11170.32,11154.53,11154.33,11163.67,11166.82,11149.08,11112.08,11070.53,11039.12,11023.06,11016.97,11014.97,11013.63,11013.16,11014.13,11014.2,11004.87,10976.89,10926.86,10869.11,10821.29,10796.82,10791.18,10795.06,10800.13,10804.02,10806.64,10807.64,10804.48,10793.47,10770.97,10733.92,10679.64,10606.11,10524.8,10459.8,10434.86,10449.64,10473.83,10475.72,10445.33,10408.39,10393.7,10414.44,10449.71,10474.22,10470.12,10441.02,10394.4,10339.91,10295.82,10282.44,10312.71,10361.13,10389.81,10367.51,10309.38,10250.44,10221.96,10220.08,10221.38,10203.91,10166.45,10122.53,10085.4,10057.98,10033.96,10006.95,9977.525,9954.146,9945.466,9952.101,9963.31,9967.597,9958.209,9936.739,9905.633,9869.837,9839.824,9826.757,9835.548,9853.852,9866.416,9863.109,9851.487,9842.912,9844.638,9846.123,9832.015,9791.05,9733.969,9678.924,9641.535,9620.558,9607.73,9595.211,9578.633,9555.4,9523.296,9483.916,9441.179,9398.845,9358.37,9319.544,9282.289,9249.678,9227.468,9221,9224.237,9219.696,9190.079,9137.646,9087.7,9066.267,9077.466,9095.356,9092.216,9059.429,9018.818,8994.688,8996.526,9006.495,9003.937,8978.176,8939.799,8902.065,8873.726,8852.472,8834.33,8815.812,8794.744,8769.198,8739.862,8715.945,8708.349,8721.591,8736.52,8728.553,8681.338,8613.071,8551.022,8517.761,8513.803,8533.061,8567.479,8598.192,8602.773,8564.96,8505.54,8459.117,8453.506,8471.061,8475.324,8436.174,8370.927,8318.506,8312.654,8343.811,8380.824,8395.364,8385.638,8364.264,8342.943,8323.061,8299.948,8269.787,8238.954,8220.236,8224.928,8245.179,8260.279,8251.033,8220.826,8189.173,8174.475,8174.612,8171.959,8149.908,8113.077,8082.976,8079.995,8098.858,8112.882,8096.357,8051.344,8004.058,7980.231,7982.541,7992.854,7993.072,7979.702,7962.866,7952.852,7952.954,7959.77,7969.654,7979.292,7985.702,7986.029,7979.949,7969.667,7957.571,7948.202,7948.275,7964.106,7990.639,8011.167,8009.202,7984.924,7955.69,7938.768,7931.535,7910.884,7853.975,7765.574,7678.786,7626.771,7616.112,7626.315,7636.149,7633.805,7616.957,7584.064,7541.765,7504.788,7487.405,7487.641,7487.792,7470.378,7434.684,7395.794,7368.683,7354.756,7343.024,7322.673,7294.075,7267.496,7252.958,7250.939,7253.807,7254.074,7250.5,7246.919,7246.928,7248.325,7244.411,7229.057,7205.405,7183.419,7172.362,7170.724,7169.515,7160.662,7148.447,7145.232,7161.474,7185.856,7193.765,7164.005,7110.398,7066.687,7062.363,7087.504,7111.418,7107.502,7083.315,7063.006,7066.743,7085.058,7095.289,7078.698,7042.545,7004.625,6980.347,6970.976,6972.572,6981.062,6991.612,6999.154,6999.719,6994.512,6986.271,6976.833,6964.253,6945.6,6919.929,6893.717,6875.155,6869.295,6870.919,6872.714,6869.636,6863.157,6855.91,6849.517,6843.04,6835.141,6824.668,6810.866,6793.036,6770.875,6745.917,6720.211,6696.35,6679.098,6673.753,6683.575,6704.806,6732.174,6758.84,6773.253,6763.039,6725.539,6682.778,6660.519,6668.858,6683.95,6677.746,6640.732,6597.577,6576.273,6586.131,6607.258,6617.578,6607.957,6586.343,6561.714,6539.595,6521.669,6509.347,6502.631,6500.215,6500.76,6503.109,6506.25,6509.096,6509.665,6505.399,6494.469,6481.416,6474.071,6478.185,6485.229,6480.743,6454.232,6416.192,6384.014,6371.206,6375.354,6389.948,6408.162,6422.11,6423.726,6409.703,6388.495,6370.286,6360.876,6357.657,6357.105,6357.407,6359.302,6363.732,6371.549,6383.505,6400.22,6419.959,6438.857,6453.41,6465.548,6480.971,6504.187,6528.53,6541.471,6533.622,6515.824,6506.82,6519.972,6544.022,6560.688,6557.861,6543.68,6530.416,6525.017,6521.795,6513.272,6495.239,6469.145,6437.084,6404.426,6380.686,6374.996,6383.637,6390.97,6382.028,6355.434,6318.952,6280.44,6247.245,6226.455,6223.514,6235.071,6254.828,6276.715,6295.459,6305.979,6304.568,6290.912,6265.293,6234.151,6214.461,6223.601,6259.655,6297.756,6313.004,6301.935,6278.811,6257.327,6240.466,6225.123,6208.789,6193.029,6180.964,6174.155,6168.006,6156.406,6135.108,6104.62,6066.269,6026.987,6003.117,6011.144,6046.358,6080.342,6085.287,6059.639,6021.398,5988.115,5970.048,5973.913,6002.032,6035.305,6048.069,6025.644,5986.461,5955.056,5943.586,5940.849,5933.404,5919.592,5911.975,5922.859,5947.979,5970.251,5974.87,5968.162,5966.724,5982.649,6006.529,6022.654,6022.427,6017.003,6020.825,6040.15,6067.495,6094.223,6115.763,6131.754,6141.876,6143.959,6134.655,6111.713,6079.736,6045.943,6016.738,5995.684,5985.696,5985.936,5988.041,5982.905,5966.471,5940.689,5907.998,5872.602,5839.973,5815.31,5801.803,5801.813,5814.944,5830.717,5836.394,5824.332,5797.238,5759.173,5717.34,5682.612,5665.083,5662.583,5664.645,5662.669,5660.47,5666.556,5685.573,5709.728,5728.788,5736.662,5734.496,5724.403,5713.745,5715.029,5738.896,5776.408,5807.913,5818.525,5815.999,5814.62,5821.487,5826.544,5817.448,5790.168,5751.376,5708.332,5666.834,5631.653,5607.184,5595.698,5598.678,5614.234,5630.504,5633.966,5621.596,5606.417,5601.932,5607.183,5609.435,5597.849,5577.178,5558.773,5551.792,5558.05,5577.791,5606.295,5630.692,5638.183,5630.669,5622.605,5626.466,5637.728,5644.502,5639.256,5628.841,5622.964,5624.498,5625.404,5617.309,5602.242,5590.652,5591.324,5600.649,5610.092,5614.243,5616.901,5623.448,5634.902,5646.172,5652.114,5652.819,5652.013,5651.847,5645.811,5624.6,5589.862,5568.891,5591.497,5653.891,5714.793,5735.693,5721.805,5701.765,5697.263,5702.528,5705.316,5699.78,5690.991,5684.852,5683.357,5685.365,5689.253,5691.133,5686.285,5672.422,5653.377,5633.907,5618.127,5609.425,5610.737,5621.355,5638.663,5659.118,5675.978,5681.887,5675.66,5665.482,5659.63,5657.327,5651.55,5637.986,5625.713,5627.696,5648.938,5679.003,5706.068,5725.271,5737.719,5744.544,5745.926,5741.701,5734.22,5731.701,5742.762,5765.504,5787.462,5797.417,5796.332,5790.385,5785.942,5789.792,5808.501,5840.081,5872.997,5896.203,5906.51,5904.417,5893.354,5885.12,5892.573,5914.123,5931.273,5927.488,5910.209,5898.51,5904.627,5920.528,5934.55,5937.225,5921.637,5883.532,5838.493,5811.496,5818.435,5849.679,5891.242,5931.21,5959.956,5969.604,5964.169,5952.83,5942.682,5935.542,5932.317,5931.615,5929.808,5924.506,5921.428,5929.305,5950.932,5976.501,5995.242,6007.483,6022.659,6047.165,6071.246,6080.386,6071.58,6061.452,6066.917,6085.224,6100.783,6102.952,6100.142,6104.805,6116.282,6116.814,6091.201,6054.79,6037.808,6054.513,6077.024,6072.112,6038.584,6005.66,5997.36,6002.584,5998.472,5974.456,5942.059,5914.485,5897.325,5891.21,5895.626,5906.389,5918.562,5928.962,5936.484,5940.76,5945.649,5956.758,5975.868,5996.64,6012.296,6024.774,6042.485,6071.719,6109.868,6152.093,6191.263,6217.337,6221.623,6206.49,6179.128,6147.663,6122.136,6111.988,6114.507,6118.157,6114.191,6104.851,6094.924,6090.261,6097.946,6122.002,6146.962,6150.006,6124.141,6091.477,6074.9,6071.499,6062.674,6040.057,6025.556,6044.746,6086.489,6105.835,6070.541,6012.425,5980.871,5992.234,6018.081,6031.024,6034.298,6044.291,6068.762,6098.353,6122.087,6133.575,6129.289,6110.439,6091.574,6088.724,6101.568,6115.594,6118.631,6110.045,6092.319,6074.115,6071.327,6096.153,6137.254,6175.117,6199.072,6212.232,6217.986,6212.544,6188.812,6150.614,6123.857,6133.826,6169.771,6199.122,6201.361,6188.148,6175.541,6168.294,6162.625,6153.402,6131.841,6089.345,6036.232,6000.213,6001.191,6024.903,6048.894,6061.816,6064.42,6059.328,6055.177,6062.142,6079.409,6092.334,6089.357,6081.464,6087.327,6115.117,6158.025,6204.712,6222.488,6170.978,6061.893,5988.907,6035.018,6154.095,6244.657,6258.111,6236.256,6224.434,6226.866,6228.833,6221.427,6206.361,6187.248,6174.019,6179.601,6209.841,6257.491,6312.354,6351.978,6348.108,6298.527,6249.095,6243.914,6269.634,6285.251,6269.627,6237.859,6208.533,6197.326,6218.386,6267.9,6311.187,6317.88,6311.648,6339.337,6404.583,6441.604,6394.037,6309.539,6276.635,6323.186,6388.371,6414.794,6406.687,6390.112,6379.831,6375.893,6376.851,6378.64,6376.618,6373.279,6379.144,6401.437,6431.704,6457.769,6476.229,6492.055,6508.885,6524.606,6535.978,6541.298,6540.106,6535.668,6541.332,6570.733,6620.675,6677.204,6727.722,6763.005,6775.562,6769.143,6753.111,6735.036,6719.422,6708.896,6696.27,6670.983,6635.492,6608.646,6606.096,6624.541,6655.201,6684.335,6693.55,6672.473,6636.333,6604.903,6591.81,6606.489,6651.979,6717.606,6791.021,6861.198,6917.792,6954.871,6973.149,6977.51,6991.337,7042.973,7135.461,7245.861,7350.738,7429.206,7462.411,7451.714,7412.389,7362.04,7322.459,7309.25,7288.836,7207.188,7065.917,6941.004,6892.819,6891.69,6885.653,6856.023,6812.131,6764.607,6725.042,6703.32,6692.712,6678.228,6661.255,6667.806,6715.777,6774.8,6801.907,6787.445,6751.441,6714.69,6697.11,6714.266,6744.619,6748.183,6716.747,6688.434,6692.644,6703.877,6684.522,6647.045,6644.567,6701.789,6775.839,6818.641,6813.253,6757.069,6673.209,6615.854,6620.304,6649.291,6654.764,6647.183,6674.069,6749.241,6827.428,6864.118,6849.079,6784.603,6704.639,6670.775,6710.764,6770.615,6793.146,6782.333,6768.193,6775.989,6825.445,6912.666,6962.554,6900.975,6791.078,6768.209,6853.523,6907.859,6833.562,6736.319,6755.768,6861.673,6915.045,6865.879,6812.454,6836.601,6885.836,6877.901,6834.782,6853.849,6958.399,7034.503,6986.9,6883.369,6835.653,6866.005,6926.869,6978.502,6999.743,6979.941,6951.332,6956.325,6983.425,6978.768,6928.101,6894.616,6931.005,6994.599,7017.867,7001.617,6998.375,7025.777,7036.579,6994.466,6943.771,6946.713,6999.351,7051.965,7072.11,7056.654,7013.156,6980.755,7000.507,7050.144,7070.142,7039.752,6991.832,6957.663,6950.798,6978,7019.027,7041.529,7046.612,7072.29,7128.76,7152.136,7086.189,6991.587,6968.243,7029.261,7114.21,7168.846,7154.906,7060.887,6983.339,7032.845,7152.027,7183.207,7098.336,7041.89,7106.331,7198.704,7211.002,7162.465,7123.06,7114.46,7115.04,7113.904,7123.229,7151.668,7182.425,7194.313,7189.492,7183.362,7185.041,7195.995,7215.038,7235.506,7249.251,7244.707,7211.964,7179.111,7200.34,7277.028,7334.264,7320.432,7270.622,7230.539,7210.556,7207.139,7218.989,7246.5,7281.911,7304.574,7299.805,7275.877,7248.632,7253.945,7330.985,7431.427,7436.219,7331.911,7275.616,7367.733,7482.078,7474.621,7377.844,7291.891,7264.757,7303.254,7380.437,7422.114,7390.434,7359.197,7399.327,7456.774,7443.232,7382.828,7371.781,7425.914,7462.321,7437.145,7407.188,7426.933,7481.294,7537.887,7577.71,7589.128,7571.797,7535.846,7496.119,7474.503,7480.739,7485.829,7462.376,7434.52,7441.122,7477.908,7513.402,7531.816,7535.498,7534.83,7553.946,7601.228,7624.178,7571.332,7485.72,7443.821,7464.49,7525.659,7579.415,7549.1,7429.67,7361.557,7442.059,7558.107,7580.848,7569.241,7640.729,7750.66,7754.032,7641.584,7550.067,7547.773,7570.579,7572.449,7599.735,7691.098,7760.936,7702.658,7573.775,7512.202,7552.304,7640.389,7722.932,7750.625,7712.346,7678.016,7703.788,7760.538,7805.404,7824.793,7816.476,7786.669,7746.645,7710.909,7696.488,7706.209,7723.334,7733.7,7731.61,7714.743,7688.52,7662.333,7657.981,7695.042,7737.878,7727.271,7676.211,7651.678,7666.154,7668.754,7642.565,7633.827,7668.275,7704.432,7708.042,7713.024,7759.114,7823.169,7860.287,7837.461,7733.402,7607.875,7579.519,7648.713,7684.42,7643.875,7633.824,7714.788,7813.657,7860.222,7853.585,7811.777,7775.867,7784.991,7816.418,7826.271,7825.078,7852.217,7888.046,7866.656,7789.222,7732.446,7731.931,7755.143,7774.512,7784.388,7779.713,7749.63,7696.602,7678.818,7746.751,7835.785,7855.837,7815.447,7765.408,7731.601,7723.752,7733.946,7740.666,7724.255,7668.669,7610.437,7653.12,7795.026,7850.56,7736.183,7627.493,7657.824,7747.075,7795.844,7769.529,7668.362,7587.306,7622.739,7710.176,7740.191,7724.285,7724.241,7732.081,7703.765,7663.759,7681.624,7740.123,7748.574,7714.727,7750.957,7857.828,7887.572,7794.999,7707.516,7693.212,7683.418,7634.133,7588.471,7586.871,7631.845,7704.153,7735.715,7682.546,7627.08,7655.934,7742.294,7829.117,7865.947,7817.345,7727.454,7661.485,7618.762,7575.359,7553.576,7588.691,7616.503,7532.869,7422.082,7469.619,7604.12,7587.841,7457.917,7458.153,7588.672,7639.889,7565.584,7480.267,7442.792,7446.925,7477.234,7511.447,7532.522,7530.267,7494.126,7413.629,7327.835,7343.216,7465.984,7546.935,7516.947,7452.635,7413.506,7409.458,7443.15,7512.3,7581.506,7557.607,7426.843,7333.704,7348.103,7364.436,7321.152,7281.49,7276.394,7244.066,7168.791,7149.143,7214.303,7225.874,7128.041,7072.592,7141.526,7226.072,7235.668,7161.955,7036.968,6952.424,6973.933,7103.06,7266.131,7265.237,7058.74,6907.832,6952.025,7066.759,7141.086,7130.621,7049.224,6991.309,6998.026,7021.292,7020.344,6975.985,6918.526,6937.621,7016.391,7008.723,6915.334,6904.039,6969.646,6926.573,6768.376,6662.352,6689.829,6842.473,6972.577,6853.367,6634.553,6690.402,6893.248,6841.814,6606.247,6489.401,6493.019,6487.529,6487.1,6549.684,6615.055,6598.67,6523.521,6443.646,6395.125,6389.204,6362.451,6270.954,6187.969,6180.076,6234.479,6304.442,6297.59,6195.729,6128.867,6139.528,6111.39,6026.825,6010.142,6074.392,6106.347,6074.396,6023.935,5976.952,5936.344,5906.142,5893.66,5924.989,6011.565,6016.531,5825.944,5716.058,5924.42,6095.678,5930.369,5699.677,5639.585,5672.182,5700.974,5674.06,5601.354,5568.842,5592.318,5609.794,5616.166,5648.109,5642.385,5494.52,5292.322,5191.568,5194.654,5257.767,5378.401,5525.966,5549.549,5382.22,5199.146,5119.868,5115.366,5154.803,5219.754,5239.323,5111.576,4951.358,4980.047,5093.164,5070.792,4938.171,4810.325,4820.976,4982.482,4977.318,4680.083,4415.729,4352.994,4394.944,4490.203,4639.784,4769.401,4768.596,4633.898,4423.071,4255.053,4225.77,4297.8,4390.186,4388.182,4279.698,4202.46,4190.195,4169.667,4153.489,4191.644,4165.376,3962.002,3842.333,3974.25,3948.671,3636.553,3611.566,3948.831,4051.051,3868.511,3777.906,3709.621,3448.359,3283.777,3486.027,3724.148,3746.225,3696.821,3629.158,3435.721,3238.189,3301.731,3462.057,3417.815,3278.214,3217.775,3233.06,3249.278,3131.828,2978.944,3107.938,3360.686,3336.31,3170.238,3136.035,3216.507,3278.035,3090.874,2737.393,2676.03,2846.741,2842.366,2761.309,2821.489,2787.929,2547.696,2511.571,2741.806,2782.219,2622.141,2571.591,2594.295,2537.369,2398.549,2263.052,2315.297,2509.645,2538.534,2392.174,2256.297,2221.885,2284.298,2257.471,2112.993,2130.129,2260.69,2174.975,2008.97,2030.452,2009.93,1808.344,1776.085,1953.291,1971.112,1941.518,2182.703,2337.451,2085.295,1827.523,1803.3,1859.476,1931.513,2025.925,2036.898,1873.697,1626.792,1448.227,1512.165,1686.276,1659.358,1566.265,1614.197,1669.186,1626.692,1528.609,1445.93,1442.512,1455.256,1409.354,1337.228,1279.848,1262.819,1303.594,1398.892,1460.633,1423.115,1343.15,1242.711,1096.977,1038.906,1197.998,1298.155,1155.781"
