action,destination,destination_liquid,destination_liquid_after,destination_liquid_before,destination_volume_ul,final_destination_volume_ul,flow_rate_ul_s,liquid,location,location_total_volume_ul,message,mix_repetitions,mix_volume_ul,mode,num_samples,pipette,position,rep,sample_index,sample_source,sample_volume_ul,source,source_remaining_ul,status,step,timestamp,total_reps,volume_ul,water_source,water_volume_ul,x_mm,y_mm,z_mm,z_offset_mm
SIMULATION_START,,,,,,,,,,,,5,60.0,local_simulation_only,6,,,,,,10.0,,,,1,2026-04-27T15:36:37,,,,90.0,,,,
HOME,,,,,,,,,,,,,,,,,home,,,,,,,,2,2026-04-27T15:36:37,,,,,,,,
SAMPLE_START,B1,,,,,,,,,,,,,,,,,,1,A1,,,,,3,2026-04-27T15:36:37,,,C1,,,,,
PICK_UP_TIP,,,,,,,,,,,,,,,,p300_single_gen2,,,,,,,,,4,2026-04-27T15:36:37,,,,,,,,
MOVE_TO,,,,,,,,,A1,,,,,,,,,,,,,,,,5,2026-04-27T15:36:37,,,,,10.0,10.0,6.0,1.0
ASPIRATE,,,,,,,5.0,sample_1,,,,,,,,,,,,,,A1,40.0,,6,2026-04-27T15:36:37,,10.0,,,,,,
MOVE_TO,,,,,,,,,B1,,,,,,,,,,,,,,,,7,2026-04-27T15:36:37,,,,,10.0,19.0,6.0,1.0
DISPENSE,B1,,sample_1,empty,10.0,,5.0,,,,,,,,,,,,,,,,,,8,2026-04-27T15:36:37,,10.0,,,,,,
MOVE_TO,,,,,,,,,C1,,,,,,,,,,,,,,,,9,2026-04-27T15:36:37,,,,,10.0,28.0,6.0,1.0
ASPIRATE,,,,,,,5.0,water,,,,,,,,,,,,,,C1,110.0,,10,2026-04-27T15:36:37,,90.0,,,,,,
MOVE_TO,,,,,,,,,B1,,,,,,,,,,,,,,,,11,2026-04-27T15:36:37,,,,,10.0,19.0,6.0,1.0
DISPENSE,B1,,mixture(sample_1+water),sample_1,100.0,,5.0,,,,,,,,,,,,,,,,,,12,2026-04-27T15:36:37,,90.0,,,,,,
MIX_CYCLE,,,,,,,,,B1,100.0,,,60.0,,,,,1,,,,,,,13,2026-04-27T15:36:37,5,,,,,,,
MIX_CYCLE,,,,,,,,,B1,100.0,,,60.0,,,,,2,,,,,,,14,2026-04-27T15:36:37,5,,,,,,,
MIX_CYCLE,,,,,,,,,B1,100.0,,,60.0,,,,,3,,,,,,,15,2026-04-27T15:36:37,5,,,,,,,
MIX_CYCLE,,,,,,,,,B1,100.0,,,60.0,,,,,4,,,,,,,16,2026-04-27T15:36:37,5,,,,,,,
MIX_CYCLE,,,,,,,,,B1,100.0,,,60.0,,,,,5,,,,,,,17,2026-04-27T15:36:37,5,,,,,,,
DROP_TIP,,,,,,,,,,,,,,,,p300_single_gen2,,,,,,,,,18,2026-04-27T15:36:37,,,,,,,,
SAMPLE_COMPLETE,B1,mixture(sample_1+water),,,,100.0,,,,,,,,,,,,,1,,,,,,19,2026-04-27T15:36:37,,,,,,,,
SAMPLE_START,B2,,,,,,,,,,,,,,,,,,2,A2,,,,,20,2026-04-27T15:36:37,,,C2,,,,,
PICK_UP_TIP,,,,,,,,,,,,,,,,p300_single_gen2,,,,,,,,,21,2026-04-27T15:36:37,,,,,,,,
MOVE_TO,,,,,,,,,A2,,,,,,,,,,,,,,,,22,2026-04-27T15:36:37,,,,,19.0,10.0,6.0,1.0
ASPIRATE,,,,,,,5.0,sample_2,,,,,,,,,,,,,,A2,40.0,,23,2026-04-27T15:36:37,,10.0,,,,,,
MOVE_TO,,,,,,,,,B2,,,,,,,,,,,,,,,,24,2026-04-27T15:36:37,,,,,19.0,19.0,6.0,1.0
DISPENSE,B2,,sample_2,empty,10.0,,5.0,,,,,,,,,,,,,,,,,,25,2026-04-27T15:36:37,,10.0,,,,,,
MOVE_TO,,,,,,,,,C2,,,,,,,,,,,,,,,,26,2026-04-27T15:36:37,,,,,19.0,28.0,6.0,1.0
ASPIRATE,,,,,,,5.0,water,,,,,,,,,,,,,,C2,110.0,,27,2026-04-27T15:36:37,,90.0,,,,,,
MOVE_TO,,,,,,,,,B2,,,,,,,,,,,,,,,,28,2026-04-27T15:36:37,,,,,19.0,19.0,6.0,1.0
DISPENSE,B2,,mixture(sample_2+water),sample_2,100.0,,5.0,,,,,,,,,,,,,,,,,,29,2026-04-27T15:36:37,,90.0,,,,,,
MIX_CYCLE,,,,,,,,,B2,100.0,,,60.0,,,,,1,,,,,,,30,2026-04-27T15:36:37,5,,,,,,,
MIX_CYCLE,,,,,,,,,B2,100.0,,,60.0,,,,,2,,,,,,,31,2026-04-27T15:36:37,5,,,,,,,
MIX_CYCLE,,,,,,,,,B2,100.0,,,60.0,,,,,3,,,,,,,32,2026-04-27T15:36:37,5,,,,,,,
MIX_CYCLE,,,,,,,,,B2,100.0,,,60.0,,,,,4,,,,,,,33,2026-04-27T15:36:37,5,,,,,,,
MIX_CYCLE,,,,,,,,,B2,100.0,,,60.0,,,,,5,,,,,,,34,2026-04-27T15:36:37,5,,,,,,,
DROP_TIP,,,,,,,,,,,,,,,,p300_single_gen2,,,,,,,,,35,2026-04-27T15:36:37,,,,,,,,
SAMPLE_COMPLETE,B2,mixture(sample_2+water),,,,100.0,,,,,,,,,,,,,2,,,,,,36,2026-04-27T15:36:37,,,,,,,,
SAMPLE_START,B3,,,,,,,,,,,,,,,,,,3,A3,,,,,37,2026-04-27T15:36:37,,,C3,,,,,
PICK_UP_TIP,,,,,,,,,,,,,,,,p300_single_gen2,,,,,,,,,38,2026-04-27T15:36:37,,,,,,,,
MOVE_TO,,,,,,,,,A3,,,,,,,,,,,,,,,,39,2026-04-27T15:36:37,,,,,28.0,10.0,6.0,1.0
ASPIRATE,,,,,,,5.0,sample_3,,,,,,,,,,,,,,A3,40.0,,40,2026-04-27T15:36:37,,10.0,,,,,,
MOVE_TO,,,,,,,,,B3,,,,,,,,,,,,,,,,41,2026-04-27T15:36:37,,,,,28.0,19.0,6.0,1.0
DISPENSE,B3,,sample_3,empty,10.0,,5.0,,,,,,,,,,,,,,,,,,42,2026-04-27T15:36:37,,10.0,,,,,,
MOVE_TO,,,,,,,,,C3,,,,,,,,,,,,,,,,43,2026-04-27T15:36:37,,,,,28.0,28.0,6.0,1.0
ASPIRATE,,,,,,,5.0,water,,,,,,,,,,,,,,C3,110.0,,44,2026-04-27T15:36:37,,90.0,,,,,,
MOVE_TO,,,,,,,,,B3,,,,,,,,,,,,,,,,45,2026-04-27T15:36:37,,,,,28.0,19.0,6.0,1.0
DISPENSE,B3,,mixture(sample_3+water),sample_3,100.0,,5.0,,,,,,,,,,,,,,,,,,46,2026-04-27T15:36:37,,90.0,,,,,,
MIX_CYCLE,,,,,,,,,B3,100.0,,,60.0,,,,,1,,,,,,,47,2026-04-27T15:36:37,5,,,,,,,
MIX_CYCLE,,,,,,,,,B3,100.0,,,60.0,,,,,2,,,,,,,48,2026-04-27T15:36:37,5,,,,,,,
MIX_CYCLE,,,,,,,,,B3,100.0,,,60.0,,,,,3,,,,,,,49,2026-04-27T15:36:37,5,,,,,,,
MIX_CYCLE,,,,,,,,,B3,100.0,,,60.0,,,,,4,,,,,,,50,2026-04-27T15:36:37,5,,,,,,,
MIX_CYCLE,,,,,,,,,B3,100.0,,,60.0,,,,,5,,,,,,,51,2026-04-27T15:36:37,5,,,,,,,
DROP_TIP,,,,,,,,,,,,,,,,p300_single_gen2,,,,,,,,,52,2026-04-27T15:36:37,,,,,,,,
SAMPLE_COMPLETE,B3,mixture(sample_3+water),,,,100.0,,,,,,,,,,,,,3,,,,,,53,2026-04-27T15:36:37,,,,,,,,
SAMPLE_START,B4,,,,,,,,,,,,,,,,,,4,A4,,,,,54,2026-04-27T15:36:37,,,C4,,,,,
PICK_UP_TIP,,,,,,,,,,,,,,,,p300_single_gen2,,,,,,,,,55,2026-04-27T15:36:37,,,,,,,,
MOVE_TO,,,,,,,,,A4,,,,,,,,,,,,,,,,56,2026-04-27T15:36:37,,,,,37.0,10.0,6.0,1.0
ASPIRATE,,,,,,,5.0,sample_4,,,,,,,,,,,,,,A4,40.0,,57,2026-04-27T15:36:37,,10.0,,,,,,
MOVE_TO,,,,,,,,,B4,,,,,,,,,,,,,,,,58,2026-04-27T15:36:37,,,,,37.0,19.0,6.0,1.0
DISPENSE,B4,,sample_4,empty,10.0,,5.0,,,,,,,,,,,,,,,,,,59,2026-04-27T15:36:37,,10.0,,,,,,
MOVE_TO,,,,,,,,,C4,,,,,,,,,,,,,,,,60,2026-04-27T15:36:37,,,,,37.0,28.0,6.0,1.0
ASPIRATE,,,,,,,5.0,water,,,,,,,,,,,,,,C4,110.0,,61,2026-04-27T15:36:37,,90.0,,,,,,
MOVE_TO,,,,,,,,,B4,,,,,,,,,,,,,,,,62,2026-04-27T15:36:37,,,,,37.0,19.0,6.0,1.0
DISPENSE,B4,,mixture(sample_4+water),sample_4,100.0,,5.0,,,,,,,,,,,,,,,,,,63,2026-04-27T15:36:37,,90.0,,,,,,
MIX_CYCLE,,,,,,,,,B4,100.0,,,60.0,,,,,1,,,,,,,64,2026-04-27T15:36:37,5,,,,,,,
MIX_CYCLE,,,,,,,,,B4,100.0,,,60.0,,,,,2,,,,,,,65,2026-04-27T15:36:37,5,,,,,,,
MIX_CYCLE,,,,,,,,,B4,100.0,,,60.0,,,,,3,,,,,,,66,2026-04-27T15:36:37,5,,,,,,,
MIX_CYCLE,,,,,,,,,B4,100.0,,,60.0,,,,,4,,,,,,,67,2026-04-27T15:36:37,5,,,,,,,
MIX_CYCLE,,,,,,,,,B4,100.0,,,60.0,,,,,5,,,,,,,68,2026-04-27T15:36:37,5,,,,,,,
DROP_TIP,,,,,,,,,,,,,,,,p300_single_gen2,,,,,,,,,69,2026-04-27T15:36:37,,,,,,,,
SAMPLE_COMPLETE,B4,mixture(sample_4+water),,,,100.0,,,,,,,,,,,,,4,,,,,,70,2026-04-27T15:36:37,,,,,,,,
SAMPLE_START,B5,,,,,,,,,,,,,,,,,,5,A5,,,,,71,2026-04-27T15:36:37,,,C5,,,,,
PICK_UP_TIP,,,,,,,,,,,,,,,,p300_single_gen2,,,,,,,,,72,2026-04-27T15:36:37,,,,,,,,
MOVE_TO,,,,,,,,,A5,,,,,,,,,,,,,,,,73,2026-04-27T15:36:37,,,,,46.0,10.0,6.0,1.0
ASPIRATE,,,,,,,5.0,sample_5,,,,,,,,,,,,,,A5,40.0,,74,2026-04-27T15:36:37,,10.0,,,,,,
MOVE_TO,,,,,,,,,B5,,,,,,,,,,,,,,,,75,2026-04-27T15:36:37,,,,,46.0,19.0,6.0,1.0
DISPENSE,B5,,sample_5,empty,10.0,,5.0,,,,,,,,,,,,,,,,,,76,2026-04-27T15:36:37,,10.0,,,,,,
MOVE_TO,,,,,,,,,C5,,,,,,,,,,,,,,,,77,2026-04-27T15:36:37,,,,,46.0,28.0,6.0,1.0
ASPIRATE,,,,,,,5.0,water,,,,,,,,,,,,,,C5,110.0,,78,2026-04-27T15:36:37,,90.0,,,,,,
MOVE_TO,,,,,,,,,B5,,,,,,,,,,,,,,,,79,2026-04-27T15:36:37,,,,,46.0,19.0,6.0,1.0
DISPENSE,B5,,mixture(sample_5+water),sample_5,100.0,,5.0,,,,,,,,,,,,,,,,,,80,2026-04-27T15:36:37,,90.0,,,,,,
MIX_CYCLE,,,,,,,,,B5,100.0,,,60.0,,,,,1,,,,,,,81,2026-04-27T15:36:37,5,,,,,,,
MIX_CYCLE,,,,,,,,,B5,100.0,,,60.0,,,,,2,,,,,,,82,2026-04-27T15:36:37,5,,,,,,,
MIX_CYCLE,,,,,,,,,B5,100.0,,,60.0,,,,,3,,,,,,,83,2026-04-27T15:36:37,5,,,,,,,
MIX_CYCLE,,,,,,,,,B5,100.0,,,60.0,,,,,4,,,,,,,84,2026-04-27T15:36:37,5,,,,,,,
MIX_CYCLE,,,,,,,,,B5,100.0,,,60.0,,,,,5,,,,,,,85,2026-04-27T15:36:37,5,,,,,,,
DROP_TIP,,,,,,,,,,,,,,,,p300_single_gen2,,,,,,,,,86,2026-04-27T15:36:37,,,,,,,,
SAMPLE_COMPLETE,B5,mixture(sample_5+water),,,,100.0,,,,,,,,,,,,,5,,,,,,87,2026-04-27T15:36:37,,,,,,,,
SAMPLE_START,B6,,,,,,,,,,,,,,,,,,6,A6,,,,,88,2026-04-27T15:36:37,,,C6,,,,,
PICK_UP_TIP,,,,,,,,,,,,,,,,p300_single_gen2,,,,,,,,,89,2026-04-27T15:36:37,,,,,,,,
MOVE_TO,,,,,,,,,A6,,,,,,,,,,,,,,,,90,2026-04-27T15:36:37,,,,,55.0,10.0,6.0,1.0
ASPIRATE,,,,,,,5.0,sample_6,,,,,,,,,,,,,,A6,40.0,,91,2026-04-27T15:36:37,,10.0,,,,,,
MOVE_TO,,,,,,,,,B6,,,,,,,,,,,,,,,,92,2026-04-27T15:36:37,,,,,55.0,19.0,6.0,1.0
DISPENSE,B6,,sample_6,empty,10.0,,5.0,,,,,,,,,,,,,,,,,,93,2026-04-27T15:36:37,,10.0,,,,,,
MOVE_TO,,,,,,,,,C6,,,,,,,,,,,,,,,,94,2026-04-27T15:36:37,,,,,55.0,28.0,6.0,1.0
ASPIRATE,,,,,,,5.0,water,,,,,,,,,,,,,,C6,110.0,,95,2026-04-27T15:36:37,,90.0,,,,,,
MOVE_TO,,,,,,,,,B6,,,,,,,,,,,,,,,,96,2026-04-27T15:36:37,,,,,55.0,19.0,6.0,1.0
DISPENSE,B6,,mixture(sample_6+water),sample_6,100.0,,5.0,,,,,,,,,,,,,,,,,,97,2026-04-27T15:36:37,,90.0,,,,,,
MIX_CYCLE,,,,,,,,,B6,100.0,,,60.0,,,,,1,,,,,,,98,2026-04-27T15:36:37,5,,,,,,,
MIX_CYCLE,,,,,,,,,B6,100.0,,,60.0,,,,,2,,,,,,,99,2026-04-27T15:36:37,5,,,,,,,
MIX_CYCLE,,,,,,,,,B6,100.0,,,60.0,,,,,3,,,,,,,100,2026-04-27T15:36:37,5,,,,,,,
MIX_CYCLE,,,,,,,,,B6,100.0,,,60.0,,,,,4,,,,,,,101,2026-04-27T15:36:37,5,,,,,,,
MIX_CYCLE,,,,,,,,,B6,100.0,,,60.0,,,,,5,,,,,,,102,2026-04-27T15:36:37,5,,,,,,,
DROP_TIP,,,,,,,,,,,,,,,,p300_single_gen2,,,,,,,,,103,2026-04-27T15:36:37,,,,,,,,
SAMPLE_COMPLETE,B6,mixture(sample_6+water),,,,100.0,,,,,,,,,,,,,6,,,,,,104,2026-04-27T15:36:37,,,,,,,,
HOME,,,,,,,,,,,,,,,,,home,,,,,,,,105,2026-04-27T15:36:37,,,,,,,,
SIMULATION_COMPLETE,,,,,,,,,,,Completed simulated 6-sample dilution workflow.,,,,,,,,,,,,,success,106,2026-04-27T15:36:37,,,,,,,,
